crop,region,rainfall_mm,avg_temp_c,N_kg_ha,P_kg_ha,K_kg_ha,soil_ph,area_acres,yield_quintal_per_acre
Wheat,Maharashtra,216.7,27.5,118.9,87.2,52.2,7.52,5.34,13.99
Wheat,Maharashtra,271.4,15.3,152.8,64.3,52.8,5.41,4.85,13.85
Maize,Uttar Pradesh,812.2,15.3,173.5,99.2,18.7,6.34,8.08,13.49
Maize,Madhya Pradesh,923.0,25.9,92.2,25.5,53.9,6.85,2.99,16.11
Rice,Maharashtra,901.5,32.4,81.2,59.4,45.7,6.19,6.42,20.94
Maize,Punjab,558.4,28.3,110.7,77.4,24.9,5.88,5.44,20.88
Wheat,Madhya Pradesh,514.6,28.3,131.7,26.0,55.3,6.94,6.71,16.88
Rice,Maharashtra,1000.7,38.2,158.2,78.3,35.2,5.47,7.61,18.33
Maize,Madhya Pradesh,1085.8,21.4,141.9,68.4,18.0,6.1,0.78,17.54
Wheat,Maharashtra,263.2,22.9,145.6,68.7,28.1,7.79,6.31,14.29
Wheat,West Bengal,331.2,23.7,131.1,46.4,28.1,7.48,0.8,19.15
Rice,Bihar,1230.6,34.9,175.7,40.3,61.2,4.74,5.77,16.36
Rice,Bihar,1884.7,41.1,179.2,82.8,16.6,6.98,4.57,11.1
Rice,Maharashtra,490.7,33.0,136.7,47.9,30.2,5.92,8.81,20.0
Rice,Maharashtra,660.9,32.8,80.5,72.5,26.2,6.34,2.92,16.49
Maize,West Bengal,655.7,18.7,121.4,53.8,31.7,4.92,1.19,17.78
Maize,Bihar,895.8,16.0,80.5,102.5,38.3,6.51,6.59,13.56
Wheat,West Bengal,344.7,29.8,129.5,22.7,17.9,7.57,5.89,14.95
Rice,West Bengal,473.4,17.6,143.6,87.4,52.6,5.84,5.12,14.9
Wheat,Uttar Pradesh,613.3,20.9,75.9,57.3,37.5,7.78,9.0,17.25
Rice,Maharashtra,433.2,21.7,43.1,87.2,65.0,6.56,1.53,13.16
Wheat,Punjab,578.5,20.7,82.5,41.6,33.8,7.51,5.03,16.8
Rice,West Bengal,1231.2,18.3,41.3,70.1,20.0,6.03,7.11,18.38
Wheat,West Bengal,869.2,12.1,150.1,25.4,31.2,7.46,7.25,12.91
Wheat,Madhya Pradesh,636.4,13.2,49.9,90.5,46.5,5.9,4.78,16.0
Rice,Maharashtra,1150.1,23.0,66.8,80.8,40.0,4.9,7.31,17.99
Rice,Bihar,1752.0,23.5,124.1,31.0,29.5,6.87,5.67,16.38
Rice,Uttar Pradesh,498.0,33.7,149.7,59.1,64.1,6.37,1.49,18.7
Maize,Uttar Pradesh,740.4,32.3,135.4,44.4,57.2,4.84,3.09,17.29
Maize,Bihar,1030.9,25.1,108.4,83.5,14.5,5.03,1.45,15.67
Rice,Maharashtra,1774.4,43.4,92.6,73.0,44.7,6.32,7.53,17.79
Wheat,Bihar,197.7,28.1,81.1,28.4,32.1,5.34,9.8,11.39
Rice,Madhya Pradesh,1692.9,36.1,64.9,45.4,38.4,5.04,3.1,15.75
Maize,Madhya Pradesh,836.7,17.3,136.7,72.4,31.0,5.31,8.91,18.79
Maize,Maharashtra,648.3,17.7,76.7,99.4,22.2,5.62,1.88,14.51
Maize,Punjab,940.9,25.9,174.9,85.6,58.7,6.33,5.41,14.02
Wheat,West Bengal,902.0,23.3,117.4,22.6,57.2,5.36,0.95,15.0
Rice,Madhya Pradesh,2008.7,40.1,80.9,57.5,39.5,7.05,4.24,15.36
Rice,Uttar Pradesh,1006.5,22.1,121.8,48.1,18.9,6.07,5.61,21.45
Rice,Uttar Pradesh,1392.9,19.4,176.1,41.7,32.3,6.22,9.48,17.45
Maize,Maharashtra,1034.2,31.8,48.3,39.2,34.2,5.71,5.49,11.78
Maize,Madhya Pradesh,661.7,15.3,80.0,76.5,20.9,6.83,6.4,15.63
Maize,Punjab,220.4,18.0,155.6,89.1,41.6,5.68,8.16,13.59
Rice,Maharashtra,1917.2,37.2,180.8,57.7,47.7,5.42,9.5,18.3
Wheat,Punjab,396.3,17.0,145.8,29.4,53.3,7.16,8.9,17.31
Wheat,Uttar Pradesh,488.7,28.2,102.9,25.9,64.6,7.76,6.77,15.55
Rice,West Bengal,1244.9,30.1,43.8,86.9,30.3,5.31,9.99,17.49
Wheat,Uttar Pradesh,819.9,15.5,62.8,63.6,59.0,5.94,6.97,14.16
Wheat,Bihar,735.7,21.5,58.4,20.8,24.8,7.38,8.37,13.8
Maize,Uttar Pradesh,1089.1,27.5,165.2,59.1,30.0,5.14,0.8,13.61
Wheat,Uttar Pradesh,875.7,16.1,112.4,71.4,22.1,7.61,6.04,15.29
Rice,Madhya Pradesh,1650.3,34.5,90.9,20.4,19.9,7.08,9.26,16.28
Rice,Maharashtra,1183.6,19.6,42.2,53.9,39.2,5.68,5.9,18.76
Rice,Bihar,715.4,35.3,50.1,89.3,48.9,5.12,0.63,15.85
Wheat,West Bengal,382.2,20.1,131.1,69.9,54.1,6.66,5.79,17.63
Maize,Madhya Pradesh,672.6,30.2,46.5,55.5,35.2,5.43,4.7,16.2
Rice,West Bengal,772.9,36.0,133.6,58.0,60.4,4.93,1.92,17.41
Rice,Punjab,1312.2,39.3,59.7,84.6,41.1,6.13,5.35,19.05
Rice,West Bengal,708.5,23.7,75.4,60.6,35.2,4.8,4.05,16.16
Wheat,Maharashtra,283.9,29.9,62.1,75.2,34.7,7.38,1.37,13.62
Rice,Bihar,1296.6,40.4,136.4,26.4,44.2,5.22,7.47,21.58
Maize,Bihar,878.6,28.4,106.8,91.5,44.9,7.68,8.25,15.36
Wheat,Uttar Pradesh,199.4,11.8,54.9,79.3,41.7,8.08,5.61,11.38
Rice,Uttar Pradesh,643.4,28.3,145.9,42.2,47.8,5.26,3.57,17.91
Rice,Madhya Pradesh,1103.8,25.8,51.1,22.1,31.7,4.72,2.07,16.79
Rice,Bihar,1816.7,35.6,68.5,74.4,26.7,6.55,5.89,16.72
Wheat,Bihar,246.0,13.2,84.4,90.4,22.0,6.04,9.25,11.1
Rice,Uttar Pradesh,1034.8,30.1,142.3,70.5,24.3,4.77,3.39,21.87
Maize,West Bengal,303.1,25.1,123.4,71.8,22.4,6.86,2.8,18.52
Maize,Maharashtra,503.2,21.4,42.3,33.1,27.4,6.99,8.08,16.89
Rice,Madhya Pradesh,1922.9,35.9,180.7,71.3,31.3,6.16,1.26,19.27
Wheat,West Bengal,467.0,12.2,82.9,63.0,27.1,5.95,3.73,16.94
Rice,Punjab,909.4,22.1,71.2,53.9,58.6,5.91,1.03,17.19
Wheat,Punjab,596.9,12.6,174.8,65.9,42.3,5.72,5.4,15.47
Maize,Madhya Pradesh,534.6,31.3,163.9,53.4,55.3,6.74,4.55,14.99
Wheat,Punjab,385.6,22.9,80.8,66.1,23.8,6.55,5.57,16.56
Rice,Maharashtra,2074.0,30.3,41.3,37.2,63.9,7.12,2.5,12.16
Maize,Maharashtra,1039.0,18.6,177.5,65.5,52.0,5.64,3.63,12.98
Rice,Punjab,1239.7,33.7,76.6,89.1,34.4,5.08,1.03,17.93
Wheat,Madhya Pradesh,828.2,12.4,88.1,66.8,64.0,7.77,8.54,13.1
Rice,Madhya Pradesh,872.6,36.0,130.0,89.7,45.6,5.86,7.73,17.75
Rice,West Bengal,1790.3,38.3,109.8,70.0,18.0,6.55,9.64,16.54
Wheat,Punjab,722.6,29.2,79.0,24.0,39.9,7.86,9.73,12.77
Maize,Maharashtra,523.0,30.7,45.5,39.0,35.0,6.48,0.55,16.92
Rice,Bihar,1793.9,31.3,100.3,67.0,41.6,5.0,2.61,21.05
Maize,West Bengal,344.6,28.1,110.3,75.2,38.2,5.92,5.18,17.74
Maize,West Bengal,860.2,33.6,68.7,45.3,53.2,5.5,7.19,15.43
Wheat,Uttar Pradesh,377.5,17.1,96.1,87.5,24.7,6.81,9.92,17.59
Wheat,Bihar,830.3,18.4,171.9,70.3,29.4,5.4,8.25,13.92
Wheat,Madhya Pradesh,852.1,11.6,57.2,69.8,44.8,6.3,5.62,13.48
Rice,Bihar,952.1,33.0,104.6,41.4,64.6,7.0,1.69,18.73
Rice,Uttar Pradesh,643.1,22.6,93.0,87.0,39.8,5.26,1.5,17.34
Rice,Uttar Pradesh,1094.6,33.1,101.9,61.1,40.4,6.36,5.32,26.07
Maize,Uttar Pradesh,1016.8,26.5,105.4,94.4,20.9,7.13,5.16,15.23
Maize,West Bengal,669.3,28.5,163.2,92.3,24.3,7.65,9.82,13.46
Rice,West Bengal,1297.1,43.1,47.8,22.4,43.0,5.18,6.24,17.28
Wheat,Punjab,244.1,23.1,153.4,77.4,18.7,5.81,4.42,14.41
Rice,Punjab,1852.7,28.0,134.9,48.4,38.4,5.97,7.87,21.2
Wheat,Punjab,649.4,12.8,112.3,69.4,17.3,6.19,7.31,18.81
Wheat,Punjab,208.8,29.5,59.6,47.8,45.1,5.77,2.64,11.15
Wheat,Punjab,283.7,30.7,128.5,79.0,15.1,7.51,5.11,13.16
Wheat,Uttar Pradesh,451.1,11.7,98.1,74.8,24.0,6.81,0.85,17.02
Rice,Bihar,787.0,18.8,163.2,41.7,45.6,6.56,1.72,16.04
Maize,Madhya Pradesh,853.0,23.3,142.6,62.9,47.8,5.47,5.65,21.98
Rice,Madhya Pradesh,1952.0,31.5,163.0,47.7,56.2,4.81,3.33,15.16
Rice,Madhya Pradesh,528.6,26.9,41.2,89.7,60.0,4.74,0.67,12.19
Maize,Bihar,670.0,33.0,81.2,72.3,55.2,7.38,9.49,17.35
Maize,West Bengal,503.0,18.3,110.2,39.6,51.5,5.36,2.26,18.8
Rice,West Bengal,1369.9,17.5,131.6,71.0,42.9,5.9,8.19,23.27
Rice,Punjab,1247.7,30.5,177.9,47.0,34.3,6.12,1.72,22.32
Rice,Uttar Pradesh,1923.5,41.8,178.1,74.6,24.3,7.01,9.5,11.76
Wheat,Madhya Pradesh,285.5,19.8,60.6,25.9,19.6,7.01,2.34,12.62
Rice,Madhya Pradesh,1202.2,32.8,111.1,53.5,55.7,6.52,3.74,26.11
Maize,Punjab,384.8,31.4,116.8,91.5,39.2,6.52,9.3,16.49
Wheat,West Bengal,486.2,26.8,47.7,77.7,55.3,5.82,0.86,15.82
Wheat,West Bengal,265.7,12.3,50.5,63.0,55.0,5.92,9.37,14.06
Wheat,Bihar,871.0,26.6,89.1,45.4,37.9,7.22,5.83,15.05
Wheat,Punjab,398.0,25.8,70.6,38.2,61.7,5.36,4.44,12.69
Wheat,Madhya Pradesh,714.6,23.1,78.6,49.5,26.6,5.97,3.57,16.86
Maize,Punjab,461.0,26.5,80.4,27.8,48.4,6.92,8.7,18.48
Maize,Uttar Pradesh,249.7,16.0,106.4,76.6,21.9,4.77,7.43,14.19
Maize,Punjab,856.0,33.2,110.6,101.0,20.3,6.46,5.22,14.74
Rice,Uttar Pradesh,2048.9,22.0,85.4,40.9,41.7,5.91,6.62,13.95
Rice,Madhya Pradesh,1344.5,24.8,147.1,56.8,23.1,6.07,9.51,21.48
Wheat,Madhya Pradesh,737.0,14.3,115.0,42.8,46.5,5.77,8.06,18.76
Rice,Bihar,796.7,26.1,70.5,28.0,25.1,6.92,1.31,14.94
Maize,Madhya Pradesh,971.8,22.2,79.6,67.1,17.6,4.8,4.8,13.19
Rice,Maharashtra,1246.5,34.4,163.1,90.9,45.3,6.88,9.13,18.73
Maize,Punjab,393.1,17.4,165.5,69.8,49.9,7.34,6.09,14.72
Rice,Uttar Pradesh,1017.5,23.4,115.4,46.9,38.5,6.56,3.1,24.49
Wheat,Bihar,659.1,18.0,111.1,40.8,58.4,6.99,5.74,18.29
Rice,Punjab,1305.3,36.8,177.0,80.2,45.7,6.12,6.23,20.5
Maize,West Bengal,933.7,15.0,91.7,65.2,15.5,6.9,2.98,15.09
Maize,Madhya Pradesh,611.3,26.8,115.4,88.9,42.9,5.38,5.6,20.45
Wheat,Uttar Pradesh,699.2,22.5,179.6,26.7,41.9,6.97,3.42,14.71
Rice,Bihar,972.4,34.4,55.7,70.4,56.9,4.94,1.7,19.33
Maize,Maharashtra,235.2,28.9,44.8,72.4,45.5,5.31,4.74,14.64
Rice,Maharashtra,468.3,22.8,57.7,55.8,52.0,6.23,8.59,16.24
Rice,Bihar,672.6,33.5,152.3,78.4,29.8,6.03,5.85,15.42
Wheat,Madhya Pradesh,330.3,12.2,54.4,88.1,54.2,5.87,5.53,13.61
Rice,Punjab,1892.5,18.9,84.6,58.1,31.3,5.85,3.01,15.71
Rice,Bihar,1633.7,24.9,50.0,68.5,14.1,6.35,2.88,18.39
Maize,Punjab,642.6,15.5,145.4,27.6,34.9,6.07,5.28,17.39
Maize,Maharashtra,488.3,21.0,117.5,56.7,52.8,6.3,2.51,24.13
Maize,Bihar,1108.8,31.7,52.4,60.8,60.3,5.34,4.09,12.26
Rice,Madhya Pradesh,1732.1,36.0,146.8,37.4,34.1,4.97,2.77,16.84
Maize,Uttar Pradesh,1025.6,31.6,48.2,91.6,45.2,4.72,4.13,10.98
Rice,Madhya Pradesh,1951.2,31.6,128.9,34.3,54.8,6.2,8.71,19.68
Rice,Bihar,699.7,22.1,156.9,48.3,64.5,5.01,6.71,14.73
Wheat,Uttar Pradesh,576.7,10.7,66.8,86.1,44.8,8.03,3.45,12.72
Wheat,Bihar,849.0,18.8,132.4,58.5,59.4,7.72,2.39,15.37
Maize,Maharashtra,1095.8,22.5,73.6,65.9,24.5,7.07,8.05,13.61
Rice,Punjab,1020.6,21.4,163.8,62.8,20.8,6.39,8.55,17.6
Wheat,Maharashtra,374.4,21.6,77.1,68.7,59.7,5.37,7.97,15.9
Maize,West Bengal,988.7,27.6,124.0,89.5,38.1,6.33,3.11,18.35
Wheat,Bihar,554.5,27.3,63.4,27.2,46.2,7.39,1.0,15.59
Rice,Maharashtra,1958.4,30.1,151.9,33.9,44.8,5.56,6.16,16.22
Rice,Madhya Pradesh,1559.9,36.9,87.2,78.7,17.8,4.7,1.67,16.02
Wheat,Maharashtra,633.3,29.3,84.6,80.2,48.9,5.72,1.7,15.03
Maize,Uttar Pradesh,995.8,19.4,152.4,45.1,23.5,4.89,7.0,12.24
Maize,West Bengal,583.0,20.5,141.1,51.4,55.9,6.08,6.48,21.4
Wheat,Madhya Pradesh,231.5,21.3,57.5,74.9,17.1,6.56,9.47,14.43
Maize,Bihar,786.5,32.6,95.4,82.6,51.0,5.49,9.25,16.65
Rice,Bihar,1128.7,43.0,134.8,63.1,26.1,4.83,8.59,20.78
Wheat,West Bengal,755.4,16.4,70.3,59.0,19.9,5.98,2.08,14.19
Wheat,Madhya Pradesh,521.6,26.5,112.9,32.5,17.0,5.5,2.89,15.08
Wheat,Bihar,623.0,11.3,82.3,82.3,46.0,7.9,4.15,13.02
Wheat,Maharashtra,671.4,13.0,163.1,38.5,64.8,6.31,1.64,14.94
Maize,Punjab,662.9,27.2,40.9,97.9,22.4,5.64,9.5,16.94
Maize,Uttar Pradesh,597.5,25.7,179.8,62.5,17.4,6.77,7.25,18.99
Maize,Bihar,448.9,22.7,103.3,82.2,58.3,5.65,7.23,19.16
Wheat,Bihar,315.7,11.4,138.3,21.5,63.5,6.2,0.56,13.59
Wheat,West Bengal,390.9,14.3,53.3,66.6,25.9,6.9,9.8,15.42
Maize,West Bengal,569.1,22.1,181.5,32.9,21.9,7.33,1.74,15.69
Maize,Bihar,958.3,19.9,108.8,48.7,60.2,5.83,4.26,14.38
Wheat,Maharashtra,851.9,16.4,158.8,83.4,47.2,6.98,1.54,12.28
Rice,Punjab,1012.7,21.7,55.0,26.7,47.6,6.19,5.43,19.09
Wheat,West Bengal,381.1,26.8,155.5,54.8,18.5,7.58,4.37,16.5
Maize,Bihar,503.7,24.4,70.8,73.6,34.5,5.37,0.7,20.38
Maize,Bihar,532.0,17.6,93.6,101.8,41.0,4.85,9.44,16.23
Maize,West Bengal,824.2,28.8,147.2,26.0,20.5,5.36,3.08,15.41
Wheat,Maharashtra,227.7,30.4,166.6,88.4,55.2,6.03,6.02,10.59
Rice,Uttar Pradesh,1991.7,41.3,121.4,61.1,22.5,7.09,2.92,15.99
Maize,Bihar,671.5,33.2,147.8,86.0,47.9,7.41,7.49,17.37
Rice,Madhya Pradesh,1631.2,42.8,69.6,66.1,24.8,4.72,7.71,15.9
Maize,Uttar Pradesh,465.8,30.0,146.8,79.4,49.0,6.25,3.83,18.94
Wheat,Uttar Pradesh,447.4,30.3,54.4,50.1,37.3,5.98,3.15,14.47
Maize,West Bengal,650.1,30.8,51.0,73.1,32.9,5.6,9.46,16.48
Wheat,Punjab,758.6,23.7,106.0,43.5,59.9,7.53,7.32,16.15
Maize,Punjab,696.7,19.3,151.1,82.6,18.9,6.38,9.59,17.91
Wheat,Uttar Pradesh,838.1,25.9,108.0,29.6,47.5,8.05,1.24,13.08
Wheat,Madhya Pradesh,567.2,20.5,131.3,22.5,15.8,6.2,7.04,17.84
Wheat,West Bengal,839.0,26.9,167.9,79.2,63.7,7.08,2.66,11.66
Rice,Bihar,1135.0,39.2,169.1,86.2,42.8,5.77,7.2,17.33
Maize,Maharashtra,419.3,25.3,136.2,102.3,19.3,6.33,9.88,16.46
Rice,Bihar,1648.9,22.6,78.4,70.4,64.0,6.19,1.02,17.87
Rice,Madhya Pradesh,1381.7,20.8,156.2,86.7,22.8,5.82,1.47,16.5
Wheat,Punjab,511.5,28.7,50.8,89.6,15.7,5.76,7.23,13.12
Maize,West Bengal,493.0,19.5,121.7,48.0,20.1,7.04,2.49,18.71
Rice,Maharashtra,1715.5,27.8,44.7,28.2,16.0,5.49,5.21,14.81
Rice,West Bengal,490.4,19.6,169.3,72.9,61.5,5.84,4.43,12.44
Wheat,Uttar Pradesh,180.3,12.6,85.2,73.3,17.4,7.24,6.4,12.97
Maize,Punjab,232.6,29.1,79.1,90.3,48.9,6.63,7.79,14.03
Wheat,Bihar,690.0,21.5,164.4,36.2,34.5,7.61,1.76,13.71
Wheat,West Bengal,855.6,13.7,111.8,61.5,24.7,5.73,7.93,14.22
Wheat,Madhya Pradesh,301.1,26.6,156.9,48.5,45.6,6.46,2.99,15.43
Rice,Uttar Pradesh,1913.4,29.8,107.6,86.4,17.0,5.21,6.06,15.8
Rice,Uttar Pradesh,896.0,26.6,92.5,29.9,32.2,5.78,3.44,19.63
Maize,Madhya Pradesh,674.5,18.5,127.4,99.7,58.7,7.3,3.97,17.67
Maize,Maharashtra,580.1,26.7,75.9,68.9,24.5,7.45,5.34,15.33
Rice,Punjab,407.7,31.0,136.2,22.1,34.5,6.89,6.88,15.13
Rice,Uttar Pradesh,1761.7,35.0,115.6,29.8,24.4,5.12,6.07,16.41
Rice,Madhya Pradesh,934.8,37.8,148.6,79.9,59.7,5.75,7.79,19.37
Wheat,Madhya Pradesh,639.8,30.3,88.3,39.9,33.2,7.62,1.65,13.49
Rice,Madhya Pradesh,853.9,26.2,113.9,51.2,15.1,6.72,9.01,20.33
Rice,Madhya Pradesh,1395.5,38.0,93.6,20.9,40.0,5.93,4.65,21.11
Wheat,West Bengal,511.8,31.1,93.4,69.6,42.0,7.5,8.94,16.27
Maize,Uttar Pradesh,222.2,23.5,170.4,25.4,51.0,5.46,2.58,13.43
Wheat,Bihar,811.8,11.7,95.6,76.8,34.8,7.69,1.45,14.39
Wheat,Madhya Pradesh,498.6,26.2,173.8,57.0,32.1,5.24,6.05,15.21
Rice,Bihar,1153.4,33.7,163.4,27.9,24.0,5.99,3.96,15.47
Maize,Madhya Pradesh,474.9,27.8,72.3,57.4,17.7,6.75,5.62,17.1
Wheat,Punjab,175.2,15.5,56.6,28.5,44.7,7.01,0.93,13.07
Wheat,Maharashtra,293.4,22.3,72.0,50.2,59.3,7.37,6.69,14.02
Wheat,West Bengal,853.3,11.2,136.1,75.5,35.7,5.13,7.03,14.16
Wheat,West Bengal,169.9,27.8,134.2,73.9,50.5,7.7,9.88,15.11
Maize,Bihar,948.0,14.7,117.4,76.8,23.8,5.89,8.0,16.26
Rice,Maharashtra,1835.5,22.1,148.6,45.6,53.9,5.19,2.27,15.78
Wheat,Maharashtra,565.0,19.9,74.1,37.5,23.4,7.09,1.85,14.97
Wheat,West Bengal,831.4,12.2,164.1,71.7,53.6,7.59,5.32,11.99
Maize,Maharashtra,490.8,27.3,44.8,28.5,52.9,6.26,5.8,19.97
Maize,Uttar Pradesh,701.0,33.6,101.7,70.1,60.9,6.14,7.92,17.96
Wheat,Punjab,635.9,11.1,112.6,22.6,48.5,8.05,9.12,15.45
Rice,Bihar,765.2,33.8,63.8,45.8,49.1,5.95,6.17,18.0
Rice,West Bengal,1954.5,29.6,55.3,36.3,34.8,5.48,8.73,17.12
Rice,Uttar Pradesh,1334.7,18.1,152.0,84.6,58.9,6.71,9.93,16.04
Wheat,West Bengal,334.5,23.3,51.0,22.4,17.3,5.49,4.58,13.44
Wheat,Punjab,752.8,12.9,168.0,49.5,51.6,7.93,9.9,12.94
Wheat,Bihar,767.3,15.6,71.6,67.7,34.3,7.73,6.56,14.55
Rice,Maharashtra,1737.9,36.3,40.6,21.9,23.9,4.81,5.55,12.53
Maize,Bihar,412.2,23.3,172.3,90.1,42.5,6.42,8.93,14.88
Maize,Maharashtra,993.9,15.9,50.8,36.4,27.5,6.82,5.56,11.72
Rice,West Bengal,1376.6,30.0,115.5,24.8,59.8,6.93,5.71,19.96
Rice,Bihar,1307.2,31.3,160.8,90.7,19.5,5.35,3.9,17.36
Wheat,Madhya Pradesh,875.9,11.2,136.4,36.8,34.8,7.06,7.27,13.63
Maize,Maharashtra,1086.6,23.0,158.6,91.4,29.9,5.22,3.98,12.42
Wheat,Maharashtra,874.1,11.1,66.7,63.8,54.4,7.88,3.35,11.9
Wheat,West Bengal,663.4,26.9,56.5,55.4,41.1,7.57,3.18,17.68
Maize,Punjab,836.3,32.8,95.3,85.9,15.6,7.17,7.37,16.14
Maize,Uttar Pradesh,546.5,16.6,163.5,25.4,14.2,6.11,1.16,17.11
Maize,Maharashtra,749.9,18.8,100.1,89.4,61.2,7.51,7.15,16.22
Rice,West Bengal,1548.1,39.6,180.7,31.5,54.8,6.87,0.96,15.66
Rice,Madhya Pradesh,490.7,36.9,64.3,50.2,38.8,5.13,1.4,14.79
Rice,Punjab,1668.2,38.9,54.9,24.7,44.3,5.04,8.33,14.39
Rice,Bihar,1277.0,31.2,171.3,64.0,29.9,5.67,1.77,21.83
Rice,Punjab,430.4,41.8,175.2,20.9,52.9,7.08,9.11,11.48
Rice,Bihar,1870.7,18.3,96.3,87.1,16.6,6.53,2.95,13.76
Maize,Bihar,1002.5,20.7,135.4,51.1,48.6,6.53,5.35,15.61
Rice,Punjab,2001.6,40.8,119.2,53.8,37.0,4.82,8.98,18.26
Wheat,Uttar Pradesh,874.5,19.6,53.8,67.3,14.5,7.58,5.49,12.64
Wheat,Maharashtra,309.9,31.2,41.3,36.3,16.1,7.57,6.0,11.77
Wheat,Bihar,282.3,16.0,61.0,48.0,58.5,6.19,1.91,15.16
Rice,Bihar,1190.3,40.6,130.2,64.3,28.9,5.01,9.63,23.3
Maize,West Bengal,441.0,15.7,117.0,53.4,36.2,6.49,3.48,17.42
Wheat,Uttar Pradesh,356.9,25.3,80.7,48.6,41.8,8.06,8.05,15.61
Rice,Bihar,1573.7,43.3,98.5,48.6,61.1,5.28,7.43,20.51
Maize,Punjab,206.2,19.9,114.8,62.8,61.0,6.99,9.28,16.87
Wheat,Uttar Pradesh,427.4,13.2,162.5,78.8,31.9,7.27,5.18,15.48
Maize,Punjab,978.1,32.8,63.2,78.5,36.2,5.54,2.0,12.69
Maize,West Bengal,710.6,18.6,171.4,64.2,60.3,5.86,3.69,16.56
Rice,Punjab,1831.7,42.3,58.0,76.5,41.8,6.02,9.04,15.97
Maize,Bihar,1013.7,21.5,172.7,56.6,51.0,5.27,5.54,15.19
Wheat,Punjab,776.3,23.0,48.2,68.1,28.4,5.32,6.26,12.83
Maize,West Bengal,261.9,21.3,129.2,50.7,53.2,5.25,1.86,15.94
Maize,Bihar,875.8,15.7,111.0,100.9,28.5,7.41,1.94,15.11
Maize,Punjab,386.8,21.3,175.9,70.5,55.2,4.99,3.64,14.87
Rice,Maharashtra,452.9,25.6,69.1,58.9,60.9,6.83,3.41,15.88
Wheat,Bihar,286.4,21.1,85.9,47.9,30.1,5.11,7.04,12.99
Rice,Punjab,968.0,24.6,105.3,32.9,41.0,6.42,5.97,20.14
Wheat,Bihar,836.1,12.9,43.5,75.0,32.5,6.35,8.1,13.76
Maize,Uttar Pradesh,650.3,16.4,163.6,24.8,18.2,7.13,1.74,12.68
Rice,Uttar Pradesh,852.3,24.7,76.2,29.6,62.1,5.67,2.63,16.86
Wheat,Bihar,190.3,30.2,175.8,39.6,46.0,5.74,5.7,10.43
Maize,Bihar,1107.6,33.5,107.3,87.2,37.8,7.29,6.67,16.57
Maize,Madhya Pradesh,706.2,21.9,77.6,100.6,24.1,4.8,1.7,13.51
Rice,Bihar,1715.8,18.1,83.2,82.5,49.2,5.1,5.16,15.0
Maize,Bihar,1094.8,23.5,141.9,58.0,56.9,7.42,2.08,16.63
Rice,Maharashtra,1119.0,38.9,152.6,73.7,64.9,5.86,8.17,18.4
Maize,Bihar,420.1,31.4,135.7,79.0,48.3,6.73,7.6,17.68
Maize,Madhya Pradesh,599.0,31.7,91.4,54.5,32.2,5.77,4.35,17.91
Wheat,West Bengal,875.0,20.4,178.7,56.3,45.7,7.22,5.15,14.18
Wheat,Bihar,407.7,12.8,166.7,55.6,19.1,6.79,6.92,15.66
Wheat,Bihar,275.2,28.5,74.2,31.4,17.6,7.34,2.27,10.63
Maize,Punjab,1119.0,18.1,115.0,54.1,25.1,7.32,9.6,12.6
Maize,Madhya Pradesh,709.5,20.5,154.8,61.2,49.7,7.31,3.35,21.32
Maize,Uttar Pradesh,413.7,22.4,57.6,56.8,37.8,7.27,5.51,16.4
Wheat,Uttar Pradesh,617.2,20.9,171.5,32.2,17.8,7.99,9.08,14.89
Rice,Uttar Pradesh,1173.9,35.7,152.8,64.6,62.1,6.66,4.3,21.64
Rice,Madhya Pradesh,1604.5,31.9,151.9,42.6,57.8,4.94,6.52,17.27
Rice,West Bengal,514.2,22.8,42.5,52.2,46.4,5.52,4.49,17.18
Wheat,West Bengal,497.1,20.0,91.8,67.9,14.7,7.85,1.47,17.45
Rice,Madhya Pradesh,1186.4,28.5,57.0,26.9,25.9,6.75,1.89,16.96
Wheat,Bihar,392.5,15.6,102.6,61.2,32.7,8.14,0.56,18.4
Wheat,Madhya Pradesh,578.2,17.1,165.1,65.6,50.7,7.15,7.35,17.83
Wheat,Bihar,381.1,30.2,58.0,82.8,17.2,6.4,6.5,12.34
Maize,Bihar,422.8,32.4,127.8,56.0,51.3,5.3,1.37,16.03
Maize,Maharashtra,458.7,26.3,143.4,103.4,45.5,6.16,1.76,17.61
Maize,Punjab,521.2,15.5,121.3,71.2,62.5,6.61,0.53,19.18
Maize,West Bengal,933.7,27.8,79.9,57.7,17.5,6.48,8.93,13.64
Wheat,Madhya Pradesh,852.1,25.8,106.6,23.3,15.4,5.54,6.16,12.73
Rice,Madhya Pradesh,452.6,41.5,86.5,70.0,49.4,5.3,1.11,16.15
Rice,Punjab,1434.1,22.2,165.2,34.9,18.6,6.84,3.31,17.19
Rice,Punjab,1665.3,40.0,175.5,33.7,22.4,6.13,4.77,13.4
Wheat,Uttar Pradesh,674.9,29.4,83.3,80.0,29.9,6.84,8.37,14.41
Rice,West Bengal,1011.1,27.3,82.3,43.2,57.9,4.7,4.64,18.11
Wheat,Bihar,629.5,30.7,134.0,21.1,50.0,5.89,8.69,15.85
Wheat,Maharashtra,750.0,30.6,120.8,37.3,46.6,7.98,7.06,12.97
Maize,West Bengal,371.5,30.1,52.8,31.9,26.7,6.65,1.23,13.32
Rice,Madhya Pradesh,825.5,38.7,65.0,86.2,59.1,5.57,3.4,14.67
Maize,Maharashtra,214.0,30.0,102.4,79.5,27.9,7.0,9.83,15.38
Rice,Punjab,1393.1,24.4,172.0,28.2,42.8,6.46,1.06,19.06
Wheat,Punjab,548.9,28.0,81.0,59.4,62.5,6.15,4.67,15.3
Wheat,Madhya Pradesh,198.9,24.6,99.8,51.6,59.6,7.42,2.58,16.19
Maize,Maharashtra,666.9,30.1,132.5,90.9,18.4,6.51,6.21,15.44
Wheat,Punjab,651.6,29.0,114.5,57.8,30.3,7.62,1.55,18.12
Maize,Punjab,917.3,21.6,163.5,58.3,35.3,6.15,6.12,17.29
Maize,Uttar Pradesh,277.9,23.8,55.9,96.1,28.2,5.27,5.36,13.13
Rice,Madhya Pradesh,1176.1,27.8,155.1,46.8,41.1,6.14,0.71,21.37
Rice,Madhya Pradesh,1492.3,41.6,75.3,82.9,19.0,6.28,7.94,16.53
Rice,Madhya Pradesh,447.7,29.6,71.4,62.2,15.3,4.76,7.41,15.5
Maize,Madhya Pradesh,644.1,31.0,62.6,69.9,61.5,6.02,6.01,15.37
Rice,Bihar,488.3,40.9,138.2,87.6,30.0,5.88,7.55,17.55
Maize,Uttar Pradesh,1024.6,19.2,133.9,95.2,29.7,7.09,9.43,15.3
Maize,Madhya Pradesh,696.7,25.4,145.7,88.5,29.6,7.46,3.86,18.11
Rice,Bihar,1117.0,19.3,124.2,36.2,46.5,4.8,9.82,19.12
Rice,Bihar,1150.8,20.4,170.2,62.5,33.8,5.93,3.48,22.13
Rice,Maharashtra,1977.6,30.4,115.1,62.7,51.6,4.85,5.4,17.79
Rice,Madhya Pradesh,1166.2,27.2,78.9,71.8,29.8,6.01,9.27,20.6
Maize,Maharashtra,224.6,18.3,94.9,78.0,40.0,6.85,7.41,16.44
Rice,Bihar,584.6,21.5,158.9,54.4,16.5,4.72,5.0,15.45
Wheat,Bihar,511.4,20.6,44.4,39.3,16.6,6.41,6.4,14.78
Rice,Punjab,1854.0,24.0,144.5,87.7,58.2,5.67,6.27,15.23
Rice,Maharashtra,1756.8,20.1,69.0,72.8,15.2,7.1,4.08,12.51
Maize,Bihar,1003.2,18.1,50.5,74.0,49.9,5.04,2.47,12.68
Wheat,Bihar,797.8,17.6,54.6,49.5,43.3,7.02,8.44,14.65
Rice,Madhya Pradesh,1116.2,20.1,151.2,86.9,15.1,6.16,7.76,18.77
Rice,Uttar Pradesh,1855.1,33.5,58.3,78.0,50.6,6.55,4.22,16.56
Rice,Punjab,662.1,31.4,52.3,82.4,61.1,6.71,5.84,11.93
Wheat,Punjab,841.0,15.8,49.4,56.2,27.3,6.52,4.83,15.83
Wheat,West Bengal,248.4,17.5,46.9,66.4,48.3,5.28,3.69,13.87
Wheat,Uttar Pradesh,541.3,12.8,124.9,71.1,45.2,7.45,1.63,20.38
Wheat,Uttar Pradesh,203.1,17.8,68.5,29.6,51.7,5.77,2.62,13.99
Maize,Bihar,373.7,26.8,166.5,29.1,57.5,7.15,1.23,14.04
Wheat,Madhya Pradesh,222.2,25.9,48.6,61.1,22.6,5.75,2.72,13.01
Rice,West Bengal,667.9,21.4,172.9,51.1,33.5,6.48,5.75,16.56
Rice,West Bengal,1214.9,27.4,180.1,71.0,62.5,4.97,8.58,18.8
Rice,West Bengal,1344.6,19.9,120.7,47.7,18.2,6.28,7.45,20.19
Rice,Punjab,1190.9,23.3,155.4,72.3,25.3,5.79,4.9,21.14
Rice,Punjab,1419.9,29.6,95.0,59.5,63.5,5.45,5.44,21.1
Wheat,Bihar,523.1,12.8,119.1,84.7,31.4,5.26,9.48,15.55
Wheat,Punjab,568.6,14.2,111.4,65.9,56.2,7.66,0.97,17.44
Rice,Madhya Pradesh,1579.9,40.0,150.6,58.7,50.9,5.7,8.0,22.72
Rice,West Bengal,1451.4,23.9,93.3,70.2,42.4,5.59,2.09,25.34
Rice,Punjab,1057.4,21.0,162.6,20.0,16.9,5.58,7.03,16.64
Rice,Maharashtra,937.6,38.2,118.0,50.6,45.9,5.57,5.37,22.82
Maize,Uttar Pradesh,570.4,23.3,44.3,43.8,64.4,7.48,0.96,16.95
Rice,Punjab,662.7,36.6,131.3,25.0,19.9,6.24,5.93,17.72
Maize,West Bengal,767.6,23.6,60.2,66.4,34.3,6.63,1.35,18.13
Maize,Bihar,324.1,30.3,154.9,71.2,35.2,4.99,8.21,14.25
Wheat,Uttar Pradesh,173.8,29.3,127.4,49.9,36.1,7.49,8.42,16.26
Maize,Maharashtra,662.4,21.8,131.3,84.0,25.6,6.2,1.58,22.07
Wheat,West Bengal,905.9,15.7,42.8,39.8,34.8,6.83,1.15,12.61
Wheat,Bihar,463.6,24.2,58.1,35.6,37.5,7.23,3.29,16.24
Wheat,Madhya Pradesh,783.3,22.8,174.8,42.3,34.3,8.18,1.52,12.99
Maize,Punjab,312.1,28.0,72.0,52.3,14.2,6.12,1.72,14.19
Rice,Punjab,1244.2,40.8,129.5,57.0,35.9,5.82,2.49,24.82
Wheat,West Bengal,480.7,13.5,164.4,23.9,26.2,7.06,7.17,13.83
Wheat,Uttar Pradesh,269.4,13.5,76.4,58.1,52.7,7.79,7.64,12.78
Wheat,Uttar Pradesh,754.0,25.5,167.0,83.9,53.7,5.7,3.48,13.33
Rice,Bihar,751.4,32.7,128.8,60.5,23.5,6.46,1.2,19.99
Wheat,Maharashtra,233.8,15.3,70.6,85.3,31.9,7.73,5.04,11.91
Maize,Madhya Pradesh,542.9,15.6,64.0,58.0,26.3,4.81,5.69,13.18
Rice,Punjab,1946.8,35.3,85.0,65.6,56.4,5.85,8.29,18.23
Wheat,West Bengal,553.3,25.1,54.8,80.0,50.5,5.48,9.82,15.05
Wheat,West Bengal,591.4,29.9,81.4,56.4,55.1,7.28,7.64,14.5
Wheat,West Bengal,592.7,11.5,140.0,56.0,57.6,7.25,0.54,17.51
Rice,Uttar Pradesh,1879.0,30.3,72.1,40.5,21.0,6.95,0.98,14.01
Rice,Punjab,1844.8,43.3,135.4,74.6,39.8,6.93,6.62,15.93
Wheat,Uttar Pradesh,288.3,23.3,150.1,73.7,43.8,5.37,0.66,15.35
Wheat,West Bengal,796.4,17.7,112.3,89.2,35.3,7.64,5.5,15.03
Rice,Madhya Pradesh,1538.1,31.3,114.0,46.8,44.6,7.05,7.99,21.6
Maize,Bihar,387.2,25.6,136.7,57.7,34.8,6.42,6.17,17.51
Rice,Uttar Pradesh,850.0,41.5,59.9,68.1,55.5,5.26,3.12,16.09
Wheat,Uttar Pradesh,542.9,23.6,101.5,50.3,53.9,6.05,6.42,19.7
Maize,Punjab,1111.9,30.1,72.6,44.6,27.4,7.53,2.83,10.21
Maize,Madhya Pradesh,927.6,33.4,96.6,51.3,22.7,6.11,6.71,15.7
Wheat,West Bengal,773.0,19.5,90.3,66.5,34.7,6.85,3.14,17.7
Maize,West Bengal,656.0,17.3,71.7,37.2,54.9,6.04,5.75,15.57
Maize,Uttar Pradesh,355.4,24.6,84.4,60.2,63.5,5.75,2.55,15.56
Maize,Maharashtra,1061.6,16.0,151.8,96.2,49.1,4.86,8.54,12.02
Rice,Uttar Pradesh,1586.9,24.8,140.7,87.3,18.7,5.48,2.73,17.14
Rice,Madhya Pradesh,1738.8,34.1,171.9,89.7,16.2,5.78,5.7,13.9
Rice,Madhya Pradesh,1678.2,32.7,154.5,58.5,57.6,6.65,1.43,17.9
Maize,Maharashtra,787.8,21.3,95.0,68.0,46.0,7.46,4.23,21.52
Rice,Madhya Pradesh,1780.3,25.7,151.3,43.3,61.0,5.34,1.81,16.75
Maize,Bihar,566.7,24.7,57.0,63.3,47.5,5.62,6.68,19.4
Wheat,Punjab,866.9,31.2,41.4,89.1,20.2,6.79,2.84,10.16
Rice,Uttar Pradesh,1817.8,39.0,138.7,73.2,27.5,6.26,0.86,16.5
Rice,Punjab,767.4,30.2,141.8,40.4,52.6,6.23,7.98,18.76
Rice,Punjab,1159.6,31.8,78.0,63.5,17.6,5.51,8.14,23.35
Rice,Uttar Pradesh,1067.9,34.5,99.6,32.4,15.5,5.68,6.67,20.72
Maize,Punjab,539.8,32.0,43.6,45.8,61.7,5.12,4.28,13.72
Wheat,West Bengal,844.8,17.1,112.1,81.2,37.1,7.72,4.74,15.03
Maize,West Bengal,984.3,31.8,137.5,58.5,28.4,5.66,1.76,14.22
Rice,West Bengal,945.2,26.6,93.8,26.7,22.5,6.46,4.2,19.55
Maize,Madhya Pradesh,670.3,21.8,82.5,100.6,54.1,7.47,7.47,18.8
Wheat,West Bengal,544.2,22.3,132.2,43.3,19.1,8.0,9.55,17.86
Maize,West Bengal,319.2,32.3,100.5,39.3,27.9,5.14,9.34,13.02
Wheat,Madhya Pradesh,302.7,25.1,101.9,49.4,58.6,7.49,5.44,17.38
Rice,Madhya Pradesh,836.4,43.0,151.4,88.7,56.7,5.03,5.5,14.44
Wheat,Uttar Pradesh,253.4,26.1,120.6,64.2,63.7,6.2,8.11,16.99
Rice,Punjab,1111.1,26.0,153.4,88.0,58.6,5.06,7.88,18.12
Wheat,Maharashtra,698.4,18.0,145.8,80.9,31.4,7.62,1.71,14.88
Wheat,Bihar,578.0,29.1,74.2,32.1,32.3,5.56,9.49,12.48
Rice,Punjab,417.2,36.3,76.4,56.2,19.7,7.11,1.69,15.81
Maize,Maharashtra,924.6,22.4,175.4,103.0,43.9,5.35,7.86,16.51
Maize,Maharashtra,271.4,30.2,91.2,97.9,20.0,5.28,7.85,10.41
Rice,Uttar Pradesh,1525.7,31.3,105.9,70.4,45.1,5.89,1.7,24.08
Wheat,Maharashtra,820.0,11.8,118.7,55.7,15.9,5.37,0.71,13.12
Maize,Bihar,231.4,20.3,158.8,88.6,23.2,6.63,9.27,13.45
Wheat,Punjab,657.9,12.2,163.7,56.6,23.0,6.13,8.11,15.53
Maize,Maharashtra,1057.0,24.9,70.5,79.9,49.8,4.87,7.09,15.82
Wheat,Maharashtra,454.1,20.8,95.4,47.5,19.9,7.83,6.29,16.98
Rice,Punjab,1921.0,24.7,55.7,87.9,21.9,5.16,3.27,13.78
Maize,Uttar Pradesh,483.4,23.1,149.7,67.1,23.6,5.2,3.36,19.3
Wheat,West Bengal,702.0,20.1,93.0,51.3,53.2,7.48,4.6,17.94
Rice,Uttar Pradesh,1931.1,32.2,91.2,23.2,19.7,5.02,3.97,16.21
Rice,Madhya Pradesh,978.5,40.1,160.1,27.7,49.4,5.65,10.0,20.07
Wheat,Bihar,811.2,12.6,75.4,62.2,17.1,6.83,6.05,12.17
Rice,Bihar,817.0,25.2,110.9,31.5,63.1,5.78,3.85,20.46
Maize,Madhya Pradesh,795.8,20.0,150.9,61.9,50.0,6.61,4.78,19.31
Wheat,Madhya Pradesh,298.8,24.2,46.5,57.7,51.8,5.21,3.67,13.08
Wheat,West Bengal,252.8,26.8,127.7,46.8,60.9,7.18,9.33,14.49
Rice,Bihar,1463.1,34.6,119.1,37.4,55.3,4.86,6.51,19.31
Maize,Uttar Pradesh,631.9,15.3,117.7,48.3,43.1,5.2,5.08,18.58
Rice,Bihar,1514.1,39.9,151.2,80.9,52.8,6.42,0.6,18.99
Rice,Punjab,1466.4,32.8,132.3,26.0,35.2,4.78,5.19,22.01
Rice,Madhya Pradesh,1362.1,35.1,101.8,51.8,49.8,4.83,5.63,22.43
Rice,West Bengal,582.4,30.6,113.8,56.1,36.3,7.14,5.12,20.49
Maize,Madhya Pradesh,204.2,30.7,119.3,100.6,31.2,5.77,8.48,13.45
Maize,Bihar,773.0,33.2,135.3,48.4,17.1,5.64,3.28,17.63
Rice,Punjab,1138.8,41.7,80.9,68.2,16.8,7.04,9.82,16.74
Rice,Bihar,668.7,39.6,52.0,88.6,44.0,5.96,8.55,14.26
Rice,Bihar,1913.0,35.3,74.1,49.8,24.8,4.99,4.11,16.71
Maize,West Bengal,430.4,28.9,172.4,89.3,30.3,6.05,2.85,15.32
Maize,Bihar,765.8,27.1,157.9,45.9,19.7,5.24,9.4,17.09
Maize,Punjab,662.8,21.9,45.7,89.0,55.2,6.16,8.47,15.83
Maize,Uttar Pradesh,715.4,31.4,81.0,50.3,42.1,4.8,4.1,14.85
Wheat,Bihar,825.7,10.6,131.1,26.7,55.3,7.87,6.36,13.58
Wheat,Madhya Pradesh,262.3,18.1,53.5,59.8,62.8,7.17,6.45,13.72
Wheat,Bihar,435.3,28.0,115.7,53.2,57.8,6.56,4.44,15.44
Rice,Madhya Pradesh,861.2,34.5,47.5,44.2,49.2,5.11,2.6,17.68
Rice,Maharashtra,466.6,41.5,121.6,55.8,14.5,6.9,5.67,15.58
Maize,West Bengal,476.1,24.9,138.6,49.1,34.6,5.34,3.28,21.19
Wheat,Uttar Pradesh,558.6,22.5,88.0,39.3,21.7,5.54,7.26,14.32
Wheat,Punjab,810.3,13.0,140.2,49.6,43.5,5.17,0.5,17.17
Rice,Uttar Pradesh,1103.4,29.8,81.2,51.2,49.0,4.77,8.05,21.75
Maize,West Bengal,422.2,23.2,164.7,85.8,30.2,5.59,9.88,15.44
Wheat,Punjab,783.9,18.9,52.9,46.5,31.8,7.13,6.7,13.74
Maize,Uttar Pradesh,310.0,15.8,180.1,38.3,31.1,6.2,4.06,12.97
Rice,Madhya Pradesh,1546.1,31.3,132.7,85.3,19.1,5.46,1.19,21.2
Rice,Madhya Pradesh,984.2,30.0,99.6,29.1,16.0,4.76,3.83,19.92
Rice,Uttar Pradesh,1605.8,38.4,95.4,57.6,15.7,5.62,5.01,20.38
Rice,Bihar,530.0,23.9,165.3,22.7,51.6,5.4,4.8,15.24
Rice,Maharashtra,1416.0,32.4,149.9,45.7,26.7,7.03,5.83,20.59
Rice,Bihar,1292.7,21.8,63.6,79.4,64.4,6.05,8.47,19.34
Rice,Madhya Pradesh,557.7,32.3,58.0,73.4,39.9,6.47,8.76,16.7
Wheat,Maharashtra,718.8,15.0,59.5,72.6,48.4,5.96,7.59,16.96
Rice,Maharashtra,2012.3,24.7,44.2,43.4,50.1,4.82,3.92,14.56
Rice,West Bengal,718.9,33.1,164.7,46.6,19.2,6.68,5.08,15.29
Rice,West Bengal,1175.7,34.8,164.8,53.9,41.1,5.79,1.19,21.52
Rice,Uttar Pradesh,1693.7,39.6,48.1,75.2,33.2,5.43,2.14,14.94
Rice,Maharashtra,1806.2,40.0,92.9,30.9,44.6,4.97,3.97,13.94
Maize,West Bengal,774.3,30.9,136.8,92.9,51.9,6.72,1.78,17.2
Maize,Punjab,433.4,19.8,155.2,97.8,41.3,4.73,3.88,14.2
Maize,Maharashtra,1042.5,29.5,41.1,31.0,64.9,6.9,6.45,11.93
Rice,Maharashtra,850.9,27.8,100.4,82.4,27.8,6.89,4.55,18.27
Maize,West Bengal,491.7,25.9,182.0,88.0,61.1,6.72,8.84,17.16
Maize,Madhya Pradesh,520.4,27.1,117.7,68.8,22.0,5.57,7.25,21.05
Maize,Bihar,595.9,15.9,40.1,60.2,52.0,6.0,5.42,16.87
Wheat,Uttar Pradesh,647.9,13.8,94.1,34.8,47.2,5.45,4.75,17.91
Rice,Punjab,1848.3,32.8,144.4,41.0,32.9,5.68,7.72,18.15
Rice,Madhya Pradesh,882.0,35.2,169.3,34.4,41.6,6.41,9.55,18.48
Wheat,Uttar Pradesh,523.7,29.8,167.9,33.2,49.0,5.78,8.32,13.95
Maize,Madhya Pradesh,271.8,19.7,153.8,96.6,53.2,7.37,5.82,12.54
Rice,Bihar,1026.2,31.6,82.2,24.3,32.8,5.31,4.17,17.56
Maize,West Bengal,495.1,24.6,141.5,65.5,25.8,7.12,9.79,22.13
Maize,Bihar,565.0,15.6,60.6,27.0,15.3,5.21,7.56,14.07
Rice,Madhya Pradesh,1165.9,21.8,80.9,56.2,56.7,5.1,6.32,18.55
Wheat,Maharashtra,816.5,28.3,102.8,32.0,43.4,7.06,5.47,14.09
Rice,Madhya Pradesh,1259.4,34.2,98.0,73.2,31.0,5.49,1.71,24.66
Wheat,West Bengal,226.5,21.4,73.7,68.4,52.1,7.77,9.93,14.61
Maize,Uttar Pradesh,727.3,20.4,160.1,33.2,43.7,6.45,0.51,14.93
Wheat,Bihar,606.8,29.0,111.2,31.2,23.2,5.6,9.42,15.44
Rice,Madhya Pradesh,589.3,21.0,51.0,82.1,62.1,4.79,7.72,12.77
Wheat,Madhya Pradesh,341.7,20.4,73.8,68.9,29.7,5.58,1.94,15.05
Wheat,West Bengal,288.6,28.1,99.0,82.1,17.1,5.45,0.88,12.14
Maize,Punjab,773.4,30.3,78.4,85.5,17.7,6.57,9.99,15.37
Rice,Uttar Pradesh,1727.0,39.6,77.0,42.9,26.4,5.86,6.99,14.29
Maize,Bihar,1044.0,25.1,140.2,86.4,51.5,6.17,8.41,17.75
Maize,Maharashtra,1045.1,20.8,131.2,74.3,59.3,6.03,2.31,16.77
Wheat,Uttar Pradesh,780.1,22.4,108.8,90.5,50.8,8.1,1.18,15.2
Maize,West Bengal,340.5,28.8,142.8,83.4,31.6,6.91,8.35,14.45
Rice,Punjab,913.5,21.3,170.9,56.4,45.8,5.56,3.12,20.31
Wheat,West Bengal,536.8,26.5,79.8,67.5,14.3,5.33,6.43,13.54
Maize,Punjab,875.9,16.6,148.0,64.7,58.2,7.61,2.69,14.67
Wheat,Uttar Pradesh,797.3,18.3,60.0,48.5,63.1,5.78,2.16,14.04
Maize,Uttar Pradesh,782.1,31.2,142.8,101.2,39.6,7.55,8.92,18.54
Maize,Bihar,740.2,20.2,84.6,53.7,44.1,7.64,3.52,16.96
Wheat,Madhya Pradesh,228.4,14.6,75.2,27.9,25.7,5.47,4.09,11.92
Wheat,Punjab,204.3,13.8,160.4,78.8,53.9,7.04,7.37,12.49
Wheat,Madhya Pradesh,874.0,29.3,146.4,21.4,38.5,7.92,4.62,12.06
Maize,Madhya Pradesh,404.4,30.2,76.3,31.6,30.9,7.5,7.09,13.11
Rice,Punjab,563.0,34.3,126.9,66.2,53.4,5.48,9.23,16.56
Maize,Uttar Pradesh,778.4,24.0,144.1,30.1,59.0,5.21,0.7,21.07
Rice,Madhya Pradesh,960.6,42.0,136.8,89.2,35.3,6.01,5.13,22.31
Rice,Madhya Pradesh,1040.4,39.2,59.7,50.4,49.2,6.82,4.01,17.63
Rice,Uttar Pradesh,972.8,21.5,141.4,82.0,60.2,6.85,4.79,18.41
Wheat,Punjab,906.9,11.4,74.8,62.4,35.2,7.11,6.07,14.24
Maize,Punjab,1072.8,19.8,102.7,95.6,34.7,7.56,2.4,14.21
Maize,Maharashtra,385.2,20.2,158.9,31.6,59.0,7.62,3.18,13.21
Rice,Bihar,774.1,42.1,40.6,30.2,26.6,5.17,2.64,12.52
Wheat,Uttar Pradesh,520.0,26.4,160.4,27.0,36.5,7.92,4.53,16.13
Rice,Uttar Pradesh,1998.0,34.0,113.9,76.7,27.2,6.7,0.53,18.92
Wheat,West Bengal,884.3,24.1,167.7,90.4,46.7,7.56,0.8,13.22
Maize,Bihar,764.2,19.1,111.0,61.3,29.8,6.9,3.05,21.11
Rice,Maharashtra,981.8,26.9,75.0,88.3,57.9,6.06,4.32,17.68
Rice,Uttar Pradesh,499.3,38.2,112.8,43.9,47.8,6.24,9.43,18.77
Rice,Uttar Pradesh,442.8,40.7,131.6,74.2,54.0,5.72,8.09,17.76
Rice,Maharashtra,1844.5,43.7,71.8,40.4,26.8,5.33,6.03,13.07
Wheat,Uttar Pradesh,425.3,23.6,60.9,28.4,26.7,7.43,3.98,14.6
Maize,Uttar Pradesh,322.1,26.2,41.8,42.7,45.1,4.84,4.08,14.1
Maize,Punjab,529.6,27.6,120.3,71.2,38.5,6.13,9.08,23.7
Maize,Madhya Pradesh,907.5,20.4,180.8,91.8,59.2,7.26,9.36,12.72
Maize,Bihar,835.0,17.3,66.3,24.9,56.2,4.79,6.51,12.05
Wheat,West Bengal,489.4,20.8,71.3,48.6,17.2,7.8,0.72,15.71
Wheat,Maharashtra,609.6,28.3,145.2,49.4,24.6,8.01,5.88,15.61
Rice,Madhya Pradesh,995.2,23.4,111.0,21.8,30.7,6.35,1.53,23.28
Rice,Bihar,2064.9,22.3,85.3,71.5,40.0,4.78,2.04,15.21
Rice,Maharashtra,1698.5,36.6,125.3,59.7,51.5,7.15,6.0,19.81
Wheat,West Bengal,240.0,26.7,137.9,59.9,55.8,7.78,4.85,16.27
Rice,Punjab,479.3,33.0,121.7,75.8,21.6,5.12,7.65,16.37
Wheat,Bihar,361.1,25.0,147.8,52.4,38.4,5.52,7.17,15.67
Rice,Uttar Pradesh,936.6,21.3,101.8,87.0,25.6,6.35,0.97,21.17
Rice,Bihar,1531.4,28.0,99.8,76.7,64.2,6.07,1.25,20.33
Wheat,Madhya Pradesh,644.8,24.0,74.2,75.8,18.7,7.68,2.51,16.72
Rice,Maharashtra,1715.7,29.0,161.9,69.5,18.8,7.09,7.73,15.68
Maize,Madhya Pradesh,440.0,27.7,163.0,25.9,30.6,5.38,4.51,15.27
Maize,Bihar,821.2,18.7,59.6,52.5,21.4,6.4,7.94,16.21
Maize,Uttar Pradesh,391.9,14.7,58.5,45.6,47.3,5.77,1.62,14.47
Wheat,Madhya Pradesh,645.4,16.0,112.0,21.6,20.6,6.73,3.44,18.59
Wheat,West Bengal,271.9,26.5,101.0,54.9,39.4,8.15,2.25,15.73
Rice,Punjab,1771.8,42.1,126.1,70.4,50.4,7.13,3.74,17.26
Wheat,Bihar,541.2,29.9,100.1,29.6,30.8,6.34,6.04,15.58
Maize,Uttar Pradesh,234.3,25.9,114.5,25.8,30.8,5.95,5.2,14.72
Wheat,Punjab,269.4,18.3,180.5,57.1,15.7,6.2,6.87,14.68
Wheat,Madhya Pradesh,229.8,16.5,162.9,86.7,35.7,5.71,4.49,13.29
Wheat,West Bengal,262.4,24.1,68.2,39.7,40.7,7.44,7.35,12.94
Rice,Uttar Pradesh,1208.5,19.1,156.8,66.0,53.9,5.73,6.56,22.71
Rice,Maharashtra,1564.9,24.4,99.4,46.0,40.6,5.82,3.61,22.95
Wheat,Bihar,481.6,21.8,72.4,83.2,54.7,6.66,4.78,15.02
Wheat,Uttar Pradesh,590.1,21.1,180.1,36.3,34.3,7.49,7.27,14.58
Maize,Maharashtra,517.6,31.6,104.3,95.6,39.1,5.22,7.71,16.61
Maize,Punjab,888.0,30.9,139.1,100.1,27.1,5.16,1.14,14.21
Wheat,Uttar Pradesh,221.2,31.1,162.1,42.6,58.4,7.25,6.83,10.58
Wheat,Bihar,757.1,26.0,74.5,30.0,35.9,7.71,3.64,13.54
Rice,Uttar Pradesh,782.9,26.2,106.9,54.1,64.9,4.96,8.59,19.47
Maize,Madhya Pradesh,957.3,26.8,49.8,47.6,26.9,5.45,6.88,13.85
Rice,Punjab,954.6,34.3,98.5,73.9,25.8,6.92,5.25,20.69
Wheat,Uttar Pradesh,365.8,17.0,133.1,64.1,47.8,6.29,3.7,21.85
Rice,West Bengal,1653.9,40.6,155.7,77.6,37.6,6.7,7.06,16.13
Rice,Bihar,1475.4,19.2,174.1,34.7,48.8,4.99,2.49,17.72
Rice,West Bengal,1713.6,22.5,118.9,31.2,34.8,6.32,5.18,18.47
Wheat,Madhya Pradesh,809.0,27.5,145.8,20.5,58.2,6.35,7.45,13.49
Wheat,Bihar,252.3,16.0,90.2,90.0,36.0,5.82,5.91,14.77
Rice,Madhya Pradesh,608.1,29.5,110.2,31.8,41.1,6.17,1.99,19.84
Rice,Madhya Pradesh,1629.0,31.8,78.4,43.3,61.7,6.22,5.02,20.53
Rice,Madhya Pradesh,902.2,36.5,60.7,83.5,19.1,6.81,5.23,15.84
Maize,Maharashtra,572.0,22.9,123.4,54.0,24.7,6.69,6.94,22.15
Wheat,Bihar,497.6,23.5,143.8,43.1,46.5,6.75,1.77,18.74
Rice,Bihar,1742.4,31.9,58.3,22.4,25.4,5.32,0.64,13.71
Rice,Uttar Pradesh,1445.7,27.5,45.5,62.6,18.7,6.02,7.64,21.66
Rice,Madhya Pradesh,482.2,34.7,131.2,46.2,38.1,5.89,2.78,20.88
Rice,Punjab,2039.4,21.2,141.5,62.7,49.2,4.91,2.29,19.38
Maize,Madhya Pradesh,328.7,16.4,160.9,81.2,45.9,6.88,1.86,13.31
Wheat,Maharashtra,236.4,23.4,154.1,64.4,64.2,5.15,0.65,13.28
Wheat,Punjab,446.2,14.4,123.2,73.3,52.4,6.22,5.43,19.55
Maize,Bihar,1053.6,24.0,169.8,98.8,45.8,5.13,1.95,13.03
Wheat,Punjab,673.3,17.3,51.2,44.5,50.3,5.48,7.38,15.63
Rice,Madhya Pradesh,1423.2,42.4,91.1,57.4,49.5,5.46,5.04,23.91
Maize,West Bengal,674.9,19.4,159.1,64.8,31.9,6.39,6.89,17.2
Wheat,Bihar,571.9,28.8,163.4,21.0,27.5,6.16,5.58,14.18
Wheat,Madhya Pradesh,873.4,18.7,126.1,57.1,58.7,6.26,4.62,16.01
Rice,West Bengal,1372.3,23.1,167.8,44.3,16.0,5.9,1.68,19.51
Wheat,Punjab,310.0,16.0,83.6,80.1,51.3,6.77,8.29,13.04
Rice,Madhya Pradesh,1202.0,36.2,181.6,44.9,14.6,4.99,5.76,18.99
Wheat,Maharashtra,562.0,25.4,139.1,67.6,33.5,7.71,2.74,18.84
Wheat,West Bengal,813.3,24.6,159.1,70.9,21.6,8.18,7.97,12.65
Maize,Bihar,287.1,24.6,52.6,74.2,37.3,6.35,6.67,16.17
Maize,Uttar Pradesh,279.7,21.6,73.9,101.2,48.8,6.11,8.69,15.27
Wheat,West Bengal,462.0,27.8,173.5,54.0,21.0,7.02,7.54,17.34
Rice,West Bengal,1515.0,30.1,149.4,83.7,56.0,5.13,1.37,18.75
Maize,West Bengal,1046.2,31.0,128.7,68.8,40.0,6.76,7.17,18.53
Maize,Uttar Pradesh,641.5,18.9,97.1,60.6,39.8,7.39,4.41,20.13
Wheat,Punjab,281.3,24.9,160.6,79.5,46.0,5.82,3.5,13.04
Maize,Madhya Pradesh,397.5,19.7,177.9,30.1,20.0,7.64,7.88,12.79
Rice,West Bengal,1458.8,39.8,87.0,33.9,27.5,5.35,4.75,16.4
Maize,Madhya Pradesh,814.5,20.1,40.1,85.4,22.2,5.44,2.74,17.45
Maize,Uttar Pradesh,756.3,25.4,161.2,33.1,59.1,5.09,1.87,16.25
Rice,Punjab,1866.5,35.0,148.3,61.4,64.6,5.27,2.99,19.84
Rice,Maharashtra,1876.4,36.8,178.3,83.1,27.0,6.31,0.7,16.37
Rice,West Bengal,1162.8,27.3,45.4,40.8,20.3,4.93,5.83,16.65
Rice,Maharashtra,1246.0,30.0,101.6,80.0,21.9,6.08,6.38,19.39
Maize,Maharashtra,207.9,16.1,40.1,96.4,45.7,5.09,1.38,12.8
Wheat,West Bengal,321.3,11.2,77.8,54.1,33.5,8.05,4.48,14.82
Rice,Maharashtra,1642.9,34.0,100.7,56.2,40.0,4.73,5.28,19.2
Wheat,Madhya Pradesh,453.5,14.3,158.4,28.5,58.5,5.24,3.35,13.35
Maize,Bihar,581.8,25.3,168.5,57.8,57.2,6.54,0.62,18.97
Rice,West Bengal,1659.2,42.9,181.4,85.6,58.4,5.37,9.68,13.22
Rice,Punjab,1787.0,19.3,112.7,38.4,47.8,4.97,9.4,15.88
Maize,Uttar Pradesh,371.0,22.8,152.4,72.5,53.9,6.22,4.11,17.31
Maize,West Bengal,880.0,23.7,90.4,88.0,15.1,6.31,1.2,16.74
Rice,Madhya Pradesh,1028.0,17.5,176.6,59.0,44.5,6.16,5.73,21.81
Maize,Bihar,1048.3,20.6,171.2,88.1,51.1,7.61,3.58,13.1
Maize,Punjab,1002.9,32.5,74.1,96.9,26.9,7.11,0.64,11.31
Maize,Punjab,741.7,28.5,159.9,42.4,19.3,4.9,2.01,14.36
Maize,Maharashtra,552.6,29.2,133.4,58.8,25.4,7.54,4.38,17.99
Rice,Bihar,1821.4,22.8,129.5,61.0,34.4,6.74,7.13,18.86
Maize,Uttar Pradesh,290.5,23.8,118.4,33.8,51.6,6.11,4.83,16.81
Rice,Punjab,864.7,19.1,93.5,77.5,50.7,7.02,4.56,17.69
Maize,Bihar,210.7,19.7,106.0,41.8,15.4,6.31,6.67,13.84
Maize,Uttar Pradesh,922.0,19.1,55.0,38.8,64.2,5.62,4.58,12.35
Rice,Madhya Pradesh,1619.4,22.1,122.6,49.6,16.6,6.98,4.43,18.38
Wheat,Uttar Pradesh,755.4,30.0,161.8,72.5,47.2,6.74,4.25,12.92
Wheat,Maharashtra,537.6,28.9,63.1,33.0,40.1,6.15,4.61,14.92
Rice,Uttar Pradesh,1332.6,23.1,63.2,60.0,32.8,6.22,9.17,21.5
Wheat,Punjab,162.0,14.5,129.7,82.1,16.5,6.86,6.55,14.06
Rice,Madhya Pradesh,1739.4,39.9,96.4,78.5,42.1,6.21,1.06,16.42
Rice,Bihar,1536.3,29.9,120.3,74.3,46.4,6.05,5.81,24.78
Wheat,West Bengal,438.8,15.4,57.2,82.0,18.1,7.08,3.99,17.52
Maize,Maharashtra,773.2,23.9,137.8,95.8,36.5,6.97,8.88,21.13
Wheat,Punjab,788.1,18.1,169.8,66.0,55.0,5.96,4.74,13.27
Wheat,Uttar Pradesh,391.9,20.3,143.2,68.0,37.6,6.71,0.91,19.66
Wheat,Madhya Pradesh,908.3,19.8,76.9,80.6,19.8,8.17,7.29,11.29
Maize,Madhya Pradesh,536.3,16.5,140.9,55.6,41.3,4.83,7.87,18.44
Maize,Bihar,979.3,20.6,163.7,51.0,37.7,7.56,4.47,14.44
Maize,Bihar,317.3,33.7,53.1,78.8,53.6,5.46,2.92,12.75
Maize,Maharashtra,216.3,28.2,126.1,60.9,59.8,6.87,4.54,15.7
Wheat,West Bengal,387.1,20.0,154.0,42.6,33.6,5.85,5.94,16.84
Maize,Maharashtra,598.0,30.5,63.6,95.0,16.5,7.47,1.82,13.06
Rice,Uttar Pradesh,1896.6,31.6,128.3,39.4,16.6,6.15,3.3,15.78
Wheat,Madhya Pradesh,327.5,18.0,139.7,22.8,49.7,6.06,3.08,14.46
Maize,Punjab,1115.9,23.4,129.2,103.6,32.7,5.5,3.19,15.19
Wheat,Punjab,479.0,10.9,116.8,68.0,37.3,8.02,9.07,17.09
Wheat,Madhya Pradesh,398.8,11.0,144.5,63.8,25.2,6.09,9.59,15.87
Rice,Madhya Pradesh,1767.0,36.3,144.9,29.3,20.3,6.97,4.28,14.67
Wheat,Punjab,233.5,25.8,57.1,67.4,23.1,5.47,2.04,12.71
Wheat,Madhya Pradesh,880.1,17.5,46.8,50.6,26.3,7.68,2.59,12.94
Maize,West Bengal,384.9,33.5,129.6,101.3,16.2,5.2,6.93,13.59
Rice,Madhya Pradesh,516.0,35.6,141.6,39.5,24.0,5.2,2.38,15.83
Maize,Uttar Pradesh,957.6,24.0,161.1,32.7,63.5,7.0,7.45,14.12
Rice,Maharashtra,1983.9,28.1,166.0,63.0,40.9,5.07,9.19,15.82
Maize,Punjab,894.5,20.5,63.7,58.5,26.6,5.79,8.33,16.28
Rice,Bihar,865.1,30.6,86.6,86.9,39.9,5.84,3.81,18.98
Wheat,Uttar Pradesh,162.9,28.1,60.4,55.6,54.0,7.0,2.11,12.19
Rice,Uttar Pradesh,975.4,39.7,108.5,74.6,57.5,5.92,9.14,19.62
Wheat,West Bengal,870.0,11.2,179.3,79.4,24.9,6.99,8.08,11.28
Rice,Bihar,1911.7,19.3,89.6,90.0,23.3,4.99,7.43,12.16
Wheat,Maharashtra,797.2,22.7,130.0,56.1,61.4,6.43,4.56,15.86
Maize,Madhya Pradesh,1075.3,18.3,142.8,68.0,63.9,7.68,8.04,12.97
Maize,Punjab,552.9,31.5,173.7,54.9,16.4,6.49,4.47,16.97
Rice,Punjab,1965.6,21.8,80.4,30.9,19.9,4.73,1.03,12.26
Wheat,Maharashtra,319.9,27.1,91.3,50.0,61.8,7.91,4.06,16.16
Maize,Maharashtra,915.7,19.1,159.7,38.9,54.3,5.08,6.8,13.27
Rice,Madhya Pradesh,1680.6,31.8,76.5,32.2,22.7,5.81,2.12,15.91
Wheat,Punjab,712.1,30.3,40.8,37.4,47.6,6.48,1.57,12.21
Rice,West Bengal,1471.4,18.1,79.6,55.9,59.2,5.35,7.86,16.94
Maize,Uttar Pradesh,940.6,19.9,152.2,96.5,64.0,7.02,7.19,12.62
Rice,Bihar,2099.0,17.7,62.9,67.9,17.1,6.13,7.0,13.95
Wheat,Madhya Pradesh,396.1,13.3,153.5,90.2,32.4,7.83,7.74,16.01
Wheat,Madhya Pradesh,508.7,25.0,46.6,83.7,32.4,5.62,2.64,16.36
Rice,Bihar,1603.3,31.9,142.8,26.2,64.8,7.14,4.92,17.19
Wheat,Maharashtra,172.0,31.0,115.7,48.0,40.5,6.74,4.97,14.87
Maize,Punjab,313.4,15.1,103.1,32.1,53.6,4.89,9.25,13.03
Maize,Maharashtra,561.1,21.6,154.1,70.4,45.0,5.92,2.42,20.55
Maize,Bihar,756.7,19.4,47.0,66.8,40.2,6.65,2.52,19.64
Rice,Bihar,1327.3,38.9,159.3,61.7,63.3,6.46,6.93,19.44
Maize,Maharashtra,578.6,15.9,65.6,84.5,25.9,6.57,5.65,16.35
Wheat,Bihar,495.0,27.8,160.4,48.7,29.4,6.7,8.41,15.31
Wheat,Maharashtra,227.7,18.1,117.6,43.1,52.8,6.1,8.37,16.05
Wheat,Punjab,295.1,25.1,66.1,62.6,26.1,6.81,6.2,13.57
Wheat,Punjab,836.6,11.1,114.2,24.1,53.8,5.77,5.88,13.44
Rice,Bihar,1560.2,23.2,57.1,53.1,33.8,7.0,3.58,19.61
Maize,Maharashtra,507.8,21.9,48.0,27.2,51.0,5.62,0.7,16.82
Maize,Madhya Pradesh,803.7,32.1,62.4,48.9,48.2,7.2,6.69,16.91
Maize,Madhya Pradesh,274.0,32.9,168.9,39.2,47.8,7.07,1.66,11.06
Wheat,Maharashtra,503.1,16.8,84.2,41.5,20.7,6.56,4.81,15.04
Rice,Bihar,1239.6,40.0,149.4,21.3,37.2,6.2,4.87,19.35
Rice,Madhya Pradesh,1472.8,26.6,134.1,67.7,63.0,5.59,4.54,23.68
Maize,Maharashtra,249.7,33.4,170.1,100.5,17.2,5.49,9.06,11.07
Rice,Punjab,475.5,43.7,163.5,82.7,62.5,5.76,3.22,12.85
Rice,West Bengal,594.1,37.8,128.8,56.9,60.3,6.31,4.26,19.46
Maize,Bihar,646.5,30.2,132.3,35.7,23.4,7.24,2.87,16.71
Wheat,Maharashtra,166.0,12.2,110.6,33.4,39.2,6.91,9.37,15.0
Maize,Maharashtra,1047.0,31.7,127.7,101.2,33.1,4.94,0.95,13.62
Maize,Bihar,576.3,23.7,123.1,102.0,52.2,6.74,4.6,20.65
Maize,Uttar Pradesh,981.9,28.4,87.5,63.2,46.6,7.53,7.91,15.36
Rice,Madhya Pradesh,1204.1,19.9,97.7,48.6,47.1,6.03,8.81,22.25
Maize,Maharashtra,934.2,23.6,141.2,52.5,17.6,5.44,7.12,16.42
Rice,Maharashtra,1517.5,36.4,131.1,76.1,45.9,6.01,6.26,23.47
Maize,Bihar,371.2,18.1,132.0,99.4,14.6,6.81,6.76,13.44
Wheat,West Bengal,553.1,13.8,78.5,81.6,53.8,6.51,9.14,15.03
Wheat,Uttar Pradesh,862.1,13.9,174.1,27.3,27.6,8.0,6.76,11.96
Wheat,Maharashtra,795.6,29.8,123.8,32.5,42.5,7.2,3.09,15.77
Rice,West Bengal,2004.4,30.8,115.0,89.7,32.7,7.01,7.1,19.61
Rice,Maharashtra,1652.2,29.6,70.6,72.9,20.7,5.17,6.45,14.51
Rice,Madhya Pradesh,1609.3,21.6,99.9,70.6,53.0,4.91,8.59,20.79
Rice,Madhya Pradesh,946.5,36.4,177.2,45.4,65.0,6.26,7.61,18.57
Wheat,Maharashtra,885.6,22.6,168.4,65.6,23.3,7.62,7.09,12.72
Wheat,West Bengal,288.0,11.8,157.7,40.5,43.7,8.18,2.27,11.84
Rice,Uttar Pradesh,1001.6,20.7,66.4,43.6,17.6,4.82,9.2,15.2
Wheat,Uttar Pradesh,253.7,28.6,134.2,51.0,47.1,8.05,1.44,13.5
Rice,Bihar,455.0,37.2,94.2,62.5,26.6,5.06,5.57,17.08
Rice,West Bengal,1571.9,34.4,157.6,81.2,42.7,5.4,0.72,21.55
Wheat,Madhya Pradesh,467.1,28.9,118.5,43.1,14.5,6.95,5.49,16.44
Wheat,Punjab,210.9,25.0,99.2,83.3,28.0,8.01,1.84,13.37
Wheat,West Bengal,613.0,30.2,147.4,68.5,36.2,6.62,4.19,17.24
Wheat,West Bengal,300.3,27.4,42.2,61.7,34.2,6.14,4.62,13.88
Maize,Bihar,245.7,19.0,170.5,94.4,30.4,7.3,6.51,11.23
Maize,Maharashtra,829.5,21.9,156.7,38.6,18.3,5.37,9.36,18.17
Wheat,Maharashtra,605.3,11.0,45.1,41.9,45.1,8.13,1.36,14.81
Rice,Punjab,1362.9,32.0,157.7,70.4,15.4,4.8,6.21,17.26
Maize,Punjab,597.1,25.8,136.6,89.2,15.4,7.1,6.2,19.83
Rice,Punjab,837.1,40.9,133.3,79.1,45.4,6.83,3.94,16.34
Rice,Madhya Pradesh,1458.0,25.9,49.1,34.9,21.9,4.98,9.3,17.18
Maize,Punjab,350.5,17.5,94.4,38.9,18.0,5.62,8.82,11.75
Rice,Maharashtra,1252.1,40.1,86.3,29.1,64.1,6.35,8.58,19.29
Rice,Madhya Pradesh,693.0,41.9,46.1,60.1,42.0,5.3,4.8,16.08
Wheat,West Bengal,905.3,10.7,140.6,63.4,42.2,7.58,9.93,17.09
Rice,Uttar Pradesh,1322.5,29.3,84.4,25.2,25.4,4.9,1.7,17.37
Rice,Punjab,1161.4,22.4,144.5,24.1,42.0,5.62,4.92,21.18
Rice,Maharashtra,1421.5,33.3,82.0,38.5,62.3,6.48,1.71,18.42
Maize,West Bengal,610.9,25.5,92.8,40.9,56.7,6.73,3.59,17.0
Wheat,Madhya Pradesh,540.9,13.1,139.9,29.4,15.4,6.64,5.94,18.34
Rice,Maharashtra,1795.3,34.7,75.5,34.4,32.2,6.73,8.69,15.56
Wheat,Maharashtra,695.4,12.4,160.5,29.1,27.4,8.23,2.31,11.71
Rice,West Bengal,459.7,21.8,130.8,75.6,24.8,6.95,8.58,13.51
Rice,Maharashtra,939.1,34.7,108.4,55.7,18.6,6.32,8.72,25.22
Wheat,West Bengal,420.4,16.2,132.7,29.5,57.9,6.92,1.56,18.03
Maize,West Bengal,1039.1,28.9,99.2,63.7,19.0,7.13,8.5,16.59
Wheat,Madhya Pradesh,718.2,25.6,77.6,45.2,62.8,5.43,2.24,12.99
Rice,Madhya Pradesh,946.2,31.0,117.0,21.0,62.9,6.1,6.1,22.1
Maize,Uttar Pradesh,257.3,24.4,41.4,55.2,32.9,6.59,9.88,13.29
Rice,Uttar Pradesh,1437.7,37.9,155.1,70.5,19.2,5.85,6.23,17.68
Rice,Punjab,1097.1,25.8,170.1,44.4,26.1,6.93,7.59,19.14
Wheat,Madhya Pradesh,226.7,23.4,84.6,41.4,23.9,7.62,9.66,13.07
Maize,Bihar,401.4,30.2,73.5,60.7,48.3,5.13,5.55,15.41
Maize,Uttar Pradesh,252.0,28.6,153.6,32.7,61.0,7.21,5.97,12.62
Maize,Madhya Pradesh,474.6,22.0,115.9,52.7,21.0,7.44,7.46,19.39
Wheat,Punjab,324.5,20.4,72.6,64.2,52.8,8.15,8.5,13.36
Maize,Bihar,1091.0,20.6,169.6,90.1,51.9,7.56,6.71,13.68
Rice,Maharashtra,1626.7,23.2,157.7,35.6,49.5,6.61,2.29,16.06
Maize,Maharashtra,1038.2,18.2,42.6,41.9,39.1,5.73,9.12,10.74
Wheat,Maharashtra,612.8,17.8,66.7,29.5,52.0,6.58,0.94,15.73
Rice,Madhya Pradesh,1478.2,28.8,101.2,22.5,41.3,7.13,9.61,20.6
Rice,West Bengal,1295.5,34.3,162.1,86.2,24.4,5.98,8.41,19.83
Wheat,Madhya Pradesh,585.9,29.6,132.3,82.1,22.2,7.95,6.79,14.31
Rice,Uttar Pradesh,958.3,39.0,165.7,80.7,30.9,6.52,5.82,16.56
Wheat,Punjab,225.6,28.3,99.3,51.4,52.9,7.78,5.36,16.02
Wheat,Bihar,386.0,15.9,179.1,58.1,42.7,5.12,2.23,17.42
Wheat,West Bengal,237.3,13.5,130.3,35.3,61.3,8.0,9.51,13.03
Rice,Bihar,664.6,35.5,170.1,52.3,18.2,6.11,4.38,17.29
Maize,Madhya Pradesh,695.3,31.3,89.1,49.3,49.8,6.64,8.38,17.14
Maize,West Bengal,206.6,27.6,155.9,35.8,42.8,7.65,3.05,13.91
Wheat,Punjab,312.3,14.8,83.3,83.2,34.7,6.05,7.54,15.53
Rice,Bihar,1894.2,28.7,79.0,50.5,34.1,5.42,1.81,17.52
Rice,West Bengal,564.1,20.3,68.1,40.1,39.3,6.53,2.27,13.21
Maize,Punjab,404.4,17.4,85.5,93.5,55.1,4.98,1.33,12.96
Rice,West Bengal,1421.5,18.7,161.6,23.3,30.0,6.97,9.52,14.35
Maize,West Bengal,413.9,24.8,64.3,45.1,61.1,7.69,2.8,13.1
Rice,Bihar,1980.8,19.4,50.4,52.0,26.5,7.06,9.15,13.36
Maize,Bihar,855.0,17.8,111.5,49.4,17.3,7.69,9.33,13.76
Wheat,Bihar,225.5,27.6,154.5,25.7,59.3,8.12,0.91,11.6
Maize,Bihar,694.4,19.9,56.0,29.3,50.4,5.42,6.76,20.51
Maize,Madhya Pradesh,402.7,31.1,166.3,86.0,61.1,7.58,9.29,13.49
Rice,Maharashtra,792.5,27.4,162.9,27.8,44.5,5.13,8.54,16.1
Maize,West Bengal,788.4,20.4,70.1,74.2,36.1,4.87,8.31,18.52
Maize,Maharashtra,332.4,26.5,122.5,96.3,50.5,5.04,4.35,18.86
Wheat,Madhya Pradesh,701.0,21.4,91.6,20.2,26.8,8.1,3.12,14.47
Rice,Punjab,804.4,43.2,72.3,36.8,57.8,5.28,3.93,14.03
Maize,West Bengal,865.6,25.9,78.2,70.8,16.6,5.29,5.42,16.5
Wheat,Punjab,190.3,19.4,104.5,42.7,48.1,6.63,1.2,17.43
Rice,Punjab,934.0,43.1,88.6,55.8,52.0,6.04,7.56,21.07
Rice,Bihar,1232.5,43.4,106.0,89.4,35.0,6.64,1.31,19.9
Rice,Punjab,580.9,43.7,134.5,66.2,18.6,6.9,0.78,15.95
Wheat,West Bengal,236.5,11.8,69.6,69.7,49.5,7.81,7.69,12.86
Rice,Punjab,1907.8,26.3,150.3,26.8,51.8,5.37,1.79,17.79
Wheat,Madhya Pradesh,411.9,25.2,150.7,75.3,27.7,7.16,1.91,15.26
Maize,Madhya Pradesh,669.9,15.8,141.2,82.5,38.7,7.4,9.85,20.31
Maize,Maharashtra,578.6,15.5,133.9,34.3,19.3,6.68,1.48,17.08
Rice,Punjab,1377.5,30.5,169.3,79.5,55.5,5.23,1.95,20.1
Rice,Punjab,805.3,29.4,92.2,28.0,31.6,5.54,5.46,20.13
Maize,West Bengal,518.8,25.0,76.8,102.8,36.2,7.39,9.79,17.47
Rice,Punjab,1208.6,22.5,130.9,25.7,43.8,5.2,7.01,22.09
Maize,West Bengal,682.5,21.8,139.7,25.8,59.8,5.45,2.31,20.23
Maize,Madhya Pradesh,361.3,18.3,121.9,81.7,24.4,6.14,3.88,16.31
Wheat,Maharashtra,213.9,18.3,71.7,46.6,18.8,6.96,6.88,13.81
Maize,Maharashtra,200.2,31.5,143.6,100.7,28.9,7.06,8.11,12.64
Wheat,Punjab,307.0,14.2,82.7,27.7,23.6,8.05,6.83,11.99
Wheat,Punjab,191.9,15.2,181.0,44.6,30.6,5.58,9.88,12.68
Rice,West Bengal,1282.8,32.1,71.5,68.3,33.8,5.57,1.92,23.61
Wheat,West Bengal,884.4,28.1,156.0,71.5,47.0,7.89,6.33,12.71
Maize,Maharashtra,1067.0,17.6,109.3,64.1,33.4,6.31,9.29,16.06
Maize,Uttar Pradesh,467.0,27.1,66.2,57.7,60.9,7.13,5.22,17.33
Maize,Madhya Pradesh,506.8,20.8,100.4,103.2,42.3,6.33,8.19,20.89
Wheat,Bihar,778.6,27.9,53.6,69.9,49.9,5.81,5.16,13.34
Wheat,West Bengal,348.1,10.7,62.0,89.5,36.1,5.71,9.67,13.02
Wheat,Bihar,389.9,28.9,98.3,46.7,60.6,7.74,9.68,14.4
Maize,West Bengal,356.7,25.2,110.5,86.6,57.9,6.83,9.73,16.4
Wheat,Punjab,237.9,15.5,50.5,53.3,26.8,7.89,5.41,14.53
Wheat,Maharashtra,754.9,25.8,146.7,86.0,60.6,6.29,0.79,14.65
Maize,Punjab,853.7,23.4,50.4,33.5,14.0,5.76,0.72,17.75
Wheat,Madhya Pradesh,170.1,28.0,122.0,73.7,52.6,7.95,1.39,13.59
Maize,Bihar,341.2,15.9,174.6,101.2,59.5,7.67,8.39,10.6
Maize,Maharashtra,531.7,27.4,114.6,76.0,63.6,4.82,0.64,20.09
Rice,West Bengal,949.6,32.9,142.0,51.4,22.0,4.93,10.0,21.6
Wheat,Punjab,723.8,15.0,41.0,38.5,57.6,5.54,1.74,12.59
Wheat,Madhya Pradesh,583.2,13.6,97.6,56.2,15.6,7.02,7.63,16.78
Maize,Maharashtra,713.5,27.7,89.5,57.7,24.0,7.26,6.82,17.42
Rice,Madhya Pradesh,1510.9,24.9,124.4,73.3,54.3,5.71,5.33,24.24
Maize,Punjab,800.1,32.7,156.6,56.2,54.1,6.42,3.22,16.05
Wheat,Madhya Pradesh,856.7,16.0,180.6,21.4,20.0,5.68,1.26,12.61
Wheat,Punjab,282.6,28.1,106.8,29.2,20.0,6.68,3.86,13.78
Wheat,Uttar Pradesh,333.5,11.4,100.7,79.6,51.6,7.59,8.17,14.77
Maize,Punjab,288.8,30.1,162.2,34.7,55.4,7.39,1.42,9.81
Wheat,Punjab,164.2,22.0,141.2,21.0,52.9,7.15,3.11,14.79
Maize,Maharashtra,1113.7,21.5,56.5,34.6,36.2,7.11,4.8,13.11
Maize,West Bengal,1019.7,28.3,102.6,36.0,62.9,6.77,3.86,14.96
Maize,West Bengal,825.9,23.5,136.2,49.7,42.2,6.31,5.67,19.48
Wheat,Punjab,787.3,29.3,156.8,77.4,32.4,7.35,6.0,13.34
Maize,Punjab,878.3,31.4,175.5,45.4,22.8,6.18,9.06,12.95
Maize,West Bengal,690.3,33.3,146.0,39.7,55.0,6.24,7.98,15.98
Wheat,Bihar,677.4,26.6,113.6,87.9,61.2,6.59,2.02,15.94
Maize,Madhya Pradesh,339.6,29.8,172.5,27.8,18.1,7.06,8.86,12.34
Rice,West Bengal,2032.0,40.4,89.5,81.1,62.9,5.31,6.3,14.01
Maize,Madhya Pradesh,974.9,26.9,106.6,102.0,32.9,5.9,6.12,15.51
Wheat,Madhya Pradesh,683.8,29.7,109.5,27.1,53.1,5.13,7.76,13.66
Wheat,Bihar,748.2,25.1,119.5,85.7,28.6,5.93,2.24,14.33
Maize,Uttar Pradesh,660.0,19.1,155.1,34.0,35.3,7.15,8.11,17.28
Wheat,West Bengal,367.2,29.0,141.0,48.7,52.9,6.17,5.46,18.62
Wheat,Madhya Pradesh,519.3,11.5,96.1,85.0,25.8,8.09,1.45,14.03
Wheat,Bihar,179.9,17.4,88.9,57.7,49.2,5.66,6.22,16.49
Maize,Punjab,683.8,18.5,42.3,46.6,40.0,6.84,4.66,17.17
Maize,Uttar Pradesh,1043.4,24.5,57.3,102.3,34.1,5.64,1.64,14.41
Rice,Bihar,917.6,32.0,53.8,80.1,45.5,6.02,2.07,18.77
Rice,Bihar,1747.5,33.2,169.1,28.2,29.6,5.57,6.99,14.77
Wheat,Uttar Pradesh,274.8,14.8,147.0,47.1,36.3,6.98,9.62,16.22
Wheat,Bihar,500.2,24.9,139.4,32.8,57.8,6.29,9.66,15.59
Rice,Bihar,790.9,22.0,131.3,89.0,26.6,5.29,1.83,15.7
Rice,Bihar,2044.0,20.6,129.7,70.9,38.3,5.39,5.73,17.84
Rice,Maharashtra,1965.8,30.7,113.9,76.8,30.0,6.75,5.19,18.62
Rice,West Bengal,1723.6,19.2,85.8,83.7,53.2,6.51,6.85,14.67
Wheat,Maharashtra,735.2,23.5,61.7,25.2,45.3,6.68,2.76,14.17
Wheat,Uttar Pradesh,686.6,28.9,104.8,67.5,36.5,7.11,5.01,17.42
Wheat,Maharashtra,862.6,18.3,77.4,90.6,41.1,7.82,9.16,12.88
Maize,Punjab,528.8,29.2,162.6,82.9,63.2,6.78,7.58,16.95
Wheat,Madhya Pradesh,399.7,11.3,171.4,90.4,20.5,7.26,4.54,14.88
Rice,Bihar,1643.8,34.6,69.9,41.6,63.4,5.79,0.92,16.18
Maize,Punjab,216.6,30.2,122.9,25.5,53.5,4.98,5.63,13.5
Wheat,West Bengal,202.7,24.4,48.5,41.8,45.4,5.78,0.86,15.62
Rice,West Bengal,2062.2,35.6,47.4,26.6,18.5,7.03,7.0,12.07
Wheat,Madhya Pradesh,860.2,22.5,120.6,65.9,36.5,5.27,4.27,16.83
Maize,West Bengal,1065.3,30.2,92.3,85.7,39.8,6.31,5.45,15.4
Rice,Bihar,1226.1,18.7,99.0,76.0,21.6,5.81,9.9,20.25
Wheat,Maharashtra,892.9,18.3,48.3,90.9,56.8,5.8,7.39,12.26
Maize,Maharashtra,527.3,20.8,179.2,69.7,64.6,5.71,4.43,19.25
Rice,Madhya Pradesh,1147.7,43.4,179.9,84.3,54.7,5.34,3.55,17.59
Maize,West Bengal,655.3,21.5,134.0,89.3,63.9,6.06,6.85,21.48
Rice,Bihar,669.9,21.7,109.1,37.3,26.0,4.7,4.02,15.23
Rice,Maharashtra,1672.6,24.9,178.7,22.3,33.7,6.86,2.21,16.34
Rice,Uttar Pradesh,1925.8,18.7,88.3,44.9,31.3,5.88,8.01,16.36
Rice,West Bengal,600.4,24.5,125.2,30.8,47.4,5.76,3.68,20.65
Rice,Madhya Pradesh,1127.4,33.5,130.1,49.2,34.8,5.21,6.09,23.25
Rice,Punjab,498.5,42.4,97.2,79.2,48.7,5.15,2.17,16.4
Wheat,Madhya Pradesh,785.3,25.5,173.9,68.3,31.8,5.83,1.04,14.1
Wheat,Madhya Pradesh,902.9,13.0,137.0,53.1,41.6,5.67,7.37,15.9
Maize,Maharashtra,792.6,26.1,82.7,71.3,52.2,6.23,7.91,18.64
Maize,Bihar,421.6,24.1,180.5,31.2,44.3,5.17,5.35,16.65
Wheat,Madhya Pradesh,321.4,23.3,57.6,53.4,27.0,7.79,5.77,15.73
Wheat,West Bengal,899.2,28.7,112.5,24.9,25.4,7.55,1.56,13.59
Rice,Maharashtra,522.1,23.3,106.3,90.3,64.8,7.1,4.52,15.93
Rice,Madhya Pradesh,1278.8,34.3,70.5,46.7,25.0,6.91,2.75,17.56
Maize,West Bengal,659.2,16.9,133.7,26.5,30.0,5.94,8.99,19.95
Wheat,Madhya Pradesh,249.2,24.2,115.4,79.2,24.5,5.48,3.94,13.82
Rice,Punjab,1211.3,26.9,71.9,23.3,32.0,6.44,0.68,20.21
Rice,Maharashtra,1631.0,18.1,139.9,90.3,26.4,5.35,8.23,17.37
Rice,Uttar Pradesh,1532.4,28.9,150.7,50.2,26.0,5.35,0.93,21.92
Rice,Madhya Pradesh,870.3,30.8,80.7,35.3,49.9,6.03,8.48,17.88
Maize,Uttar Pradesh,789.2,32.6,180.8,52.6,62.3,6.53,9.11,14.73
Maize,Maharashtra,265.9,30.3,148.1,56.2,27.7,6.82,5.89,13.9
Maize,West Bengal,767.0,22.1,81.9,100.5,35.8,6.83,8.2,18.82
Maize,Madhya Pradesh,1089.6,18.0,59.7,84.2,49.9,5.24,3.37,12.39
Rice,Punjab,1514.5,39.4,138.4,62.2,21.5,6.69,0.85,20.75
Maize,Maharashtra,638.4,29.8,85.4,80.3,42.4,7.23,7.87,17.21
Rice,Uttar Pradesh,961.3,35.5,161.6,25.5,53.0,5.44,2.56,18.16
Maize,Uttar Pradesh,808.7,29.4,162.0,33.9,31.2,7.2,9.26,17.11
Rice,Madhya Pradesh,976.1,22.5,43.5,85.8,36.9,5.44,6.19,18.76
Rice,Maharashtra,1130.0,26.9,169.6,85.3,47.2,4.95,5.08,18.48
Wheat,Madhya Pradesh,320.4,23.9,57.8,32.1,45.3,6.16,7.19,13.32
Wheat,Madhya Pradesh,886.4,25.9,57.0,77.3,47.0,6.17,8.9,14.96
Maize,Bihar,1097.1,32.8,50.5,46.6,29.1,4.89,8.54,9.61
Maize,Madhya Pradesh,943.7,32.5,57.0,77.6,46.2,6.7,0.8,14.53
Rice,Madhya Pradesh,1504.0,41.9,99.2,20.3,17.2,4.95,1.41,19.06
Rice,Bihar,1682.4,39.9,158.2,71.8,54.9,6.99,5.01,14.65
Maize,Bihar,300.3,28.0,62.4,36.4,44.2,4.81,0.81,14.93
Wheat,Bihar,800.0,14.3,100.4,89.9,18.9,7.75,5.2,14.74
Maize,West Bengal,499.4,28.9,161.2,59.4,23.3,7.68,3.91,15.35
Rice,West Bengal,1806.3,32.7,150.0,64.8,59.0,6.26,5.46,17.56
Wheat,Maharashtra,668.2,12.1,69.6,72.4,21.5,5.87,6.68,13.84
Rice,West Bengal,427.1,23.7,111.1,58.4,42.2,6.44,3.11,21.21
Rice,Punjab,1769.9,41.0,50.0,60.8,37.8,6.2,4.75,15.64
Rice,Madhya Pradesh,1133.8,32.1,118.5,23.0,36.4,5.2,9.21,21.15
Rice,West Bengal,1847.9,23.8,127.8,85.8,27.2,6.39,9.88,16.82
Maize,Bihar,420.1,20.2,135.3,42.6,18.5,7.63,3.49,14.37
Maize,Madhya Pradesh,935.1,30.0,117.1,104.0,33.7,7.52,6.49,13.83
Maize,Madhya Pradesh,742.3,18.7,75.8,33.9,60.2,5.37,9.44,15.35
Rice,Uttar Pradesh,1493.3,30.9,175.8,84.2,34.2,7.02,8.91,16.76
Rice,Uttar Pradesh,852.0,42.9,150.6,70.9,36.9,5.35,1.42,19.37
Rice,Punjab,1164.8,23.9,140.9,80.4,58.6,5.51,5.54,23.02
Wheat,Punjab,333.3,25.0,60.6,73.6,25.4,6.97,5.86,15.39
Wheat,West Bengal,426.4,19.4,122.3,55.5,19.5,6.17,4.07,19.22
Maize,Punjab,621.7,19.4,154.6,72.8,46.3,5.01,0.51,18.61
Wheat,Madhya Pradesh,362.8,10.9,174.3,73.6,24.3,6.88,6.15,13.58
Wheat,Uttar Pradesh,890.9,15.7,152.5,55.9,23.0,7.13,8.03,14.29
Rice,Uttar Pradesh,873.7,43.5,171.2,25.4,47.5,5.81,7.04,15.0
Maize,Bihar,527.9,33.4,84.2,53.6,63.7,6.7,8.85,16.32
Rice,Uttar Pradesh,1432.8,35.6,143.8,35.9,58.3,6.38,1.04,21.79
Maize,Uttar Pradesh,680.6,27.1,170.7,87.8,17.3,6.83,2.89,16.74
Rice,Uttar Pradesh,1626.2,23.3,67.5,42.4,60.0,6.65,9.5,16.51
Rice,Maharashtra,2092.6,25.2,152.0,59.4,45.2,7.11,6.71,18.65
Maize,Punjab,659.7,24.7,47.2,39.1,60.5,5.63,4.24,16.84
Wheat,West Bengal,683.5,25.1,173.9,38.7,54.1,7.27,8.85,15.74
Rice,West Bengal,2025.0,38.7,159.1,76.4,24.6,6.24,7.69,16.22
Maize,West Bengal,541.9,19.0,181.0,46.1,36.4,5.47,5.21,17.84
Maize,Uttar Pradesh,806.0,22.5,121.2,94.8,32.6,5.88,8.73,17.77
Maize,Uttar Pradesh,673.2,33.7,108.2,36.1,42.3,5.34,8.86,18.09
Maize,Maharashtra,1005.9,17.9,149.6,86.2,36.8,6.31,1.96,14.88
Maize,Bihar,1045.2,18.7,98.9,46.1,41.4,7.62,3.44,13.96
Maize,Punjab,827.1,17.6,40.6,85.0,14.8,7.34,5.53,14.87
Maize,Maharashtra,685.8,25.3,46.4,30.5,60.6,6.42,2.58,15.59
Maize,Uttar Pradesh,752.0,25.7,40.7,35.0,14.6,5.44,0.54,17.17
Maize,West Bengal,751.5,21.3,141.9,25.9,25.8,5.47,1.62,19.78
Wheat,Uttar Pradesh,829.3,15.5,85.4,35.8,41.8,7.04,5.56,17.76
Rice,Maharashtra,1053.8,26.0,141.8,70.9,62.5,6.08,3.3,20.63
Maize,Punjab,728.0,28.6,177.7,103.8,39.7,5.15,6.39,15.97
Rice,Maharashtra,1877.5,41.3,87.9,63.4,45.0,5.34,2.61,18.97
Rice,Maharashtra,1918.2,21.3,164.8,26.8,21.8,6.0,1.14,13.77
Wheat,Madhya Pradesh,305.6,24.0,55.4,67.4,34.4,7.21,4.13,14.54
Maize,Uttar Pradesh,372.7,32.1,47.9,46.6,37.1,5.36,6.81,12.01
Wheat,West Bengal,604.1,14.2,164.2,23.5,41.0,5.3,7.1,15.8
Maize,Uttar Pradesh,985.4,30.7,80.8,73.0,32.6,5.14,6.67,12.98
Rice,Maharashtra,860.0,24.7,63.0,43.6,30.9,5.8,2.31,16.98
Wheat,Maharashtra,213.5,17.6,111.9,29.6,41.9,6.77,6.23,16.33
Wheat,West Bengal,749.3,25.9,180.4,74.9,28.5,5.15,9.7,11.7
Rice,West Bengal,1101.4,27.3,100.5,66.3,58.2,5.8,2.85,21.79
Maize,Maharashtra,304.9,25.1,170.0,86.8,34.5,7.26,4.91,15.12
Rice,West Bengal,560.6,37.1,77.3,86.5,26.3,4.98,8.4,12.12
Maize,Uttar Pradesh,861.7,31.5,180.7,62.9,37.5,5.67,7.9,15.57
Wheat,Punjab,849.5,29.1,91.1,38.3,54.2,7.38,5.3,12.18
Maize,Madhya Pradesh,521.9,26.8,146.1,89.1,29.7,7.27,3.38,17.38
Wheat,Maharashtra,463.5,21.9,165.8,84.8,34.4,7.02,3.15,17.39
Rice,Punjab,415.9,37.1,82.9,59.9,22.6,6.7,8.26,15.68
Wheat,Punjab,779.0,20.1,165.3,41.7,46.0,8.01,2.13,12.89
Rice,Punjab,927.7,35.7,74.2,74.9,28.6,6.21,8.09,17.84
Rice,Uttar Pradesh,836.3,37.1,50.5,74.4,54.4,5.67,7.36,15.95
Rice,Uttar Pradesh,1273.4,19.5,136.4,70.9,40.7,6.64,3.35,24.86
Maize,Bihar,789.2,18.4,93.6,80.4,15.6,5.31,9.96,18.47
Rice,Bihar,1326.2,34.8,101.1,35.5,58.2,5.53,9.27,23.7
Rice,Madhya Pradesh,1716.3,35.1,87.4,83.8,52.9,5.34,3.96,16.75
Rice,Uttar Pradesh,402.8,20.4,162.5,20.1,39.9,5.89,3.66,15.04
Wheat,Madhya Pradesh,647.9,18.7,172.8,71.6,40.9,5.75,6.67,17.36
Maize,Punjab,1082.5,29.1,57.6,49.0,54.6,5.51,7.53,13.96
Wheat,West Bengal,419.4,30.5,57.1,55.1,42.3,6.79,7.7,14.85
Rice,Punjab,924.6,43.7,170.1,61.6,63.3,6.82,3.53,13.97
Rice,Madhya Pradesh,1343.9,33.2,152.5,73.5,59.5,6.67,2.85,21.17
Rice,Maharashtra,1125.9,20.1,96.9,89.9,52.4,7.11,7.59,18.78
Wheat,Bihar,472.5,23.0,126.5,65.8,49.6,5.43,3.4,19.39
Maize,Punjab,912.1,28.8,89.4,24.6,54.1,4.98,4.87,12.53
Maize,Bihar,1093.6,23.4,163.2,25.9,58.9,7.37,6.71,10.67
Wheat,Punjab,623.4,27.4,97.5,63.1,59.6,7.78,9.24,15.22
Rice,Bihar,936.4,20.9,138.7,39.4,31.6,4.9,5.23,17.79
Rice,Uttar Pradesh,1310.1,23.3,163.2,73.1,34.9,6.52,0.57,19.97
Maize,Punjab,454.7,17.1,105.2,74.3,56.2,6.07,9.72,15.82
Rice,Punjab,2050.4,29.5,86.4,23.4,15.9,5.65,9.34,17.37
Rice,Bihar,482.7,18.3,180.5,55.0,32.1,5.36,9.81,15.0
Wheat,Maharashtra,717.9,25.4,138.0,55.2,42.9,6.55,4.25,18.21
Maize,West Bengal,703.6,24.3,62.1,92.4,48.5,6.6,2.59,18.73
Wheat,Madhya Pradesh,848.9,15.6,173.5,34.5,17.6,5.71,8.24,13.31
Maize,Uttar Pradesh,342.9,28.3,119.9,66.8,18.2,5.17,4.26,14.96
Maize,Bihar,521.9,21.6,98.0,51.6,44.6,5.96,4.69,21.46
Maize,Madhya Pradesh,855.9,23.3,122.6,93.0,33.0,4.98,8.97,17.33
Maize,Bihar,943.5,25.7,78.5,59.0,40.9,6.69,6.52,16.33
Maize,Madhya Pradesh,1015.0,24.8,149.7,46.7,43.9,6.0,1.33,16.79
Maize,West Bengal,592.4,28.3,40.2,87.5,38.6,7.47,5.45,16.63
Maize,Bihar,509.7,26.2,152.5,100.8,44.6,6.88,6.4,19.66
Wheat,West Bengal,502.7,20.7,142.3,25.3,34.7,7.57,5.56,17.29
Maize,Uttar Pradesh,653.1,32.8,136.1,70.8,30.6,5.56,0.81,18.48
Wheat,Maharashtra,179.2,26.9,76.3,69.0,41.7,7.74,9.62,13.31
Rice,Uttar Pradesh,1094.2,23.4,75.1,61.5,30.2,6.73,1.56,18.52
Rice,West Bengal,1977.3,33.3,90.7,51.4,47.6,5.73,7.45,20.44
Maize,Madhya Pradesh,460.3,29.2,102.1,47.9,36.0,6.63,9.89,18.91
Maize,West Bengal,222.1,25.1,177.6,45.4,34.8,5.39,5.8,13.97
Maize,Punjab,662.6,24.6,126.5,65.3,49.1,5.0,0.72,23.76
Maize,Maharashtra,498.5,32.4,152.9,92.1,48.0,5.93,9.37,17.02
Rice,Bihar,1102.4,23.9,109.2,47.5,51.2,7.06,6.12,23.92
Maize,Bihar,242.7,18.4,148.2,42.0,64.6,7.05,8.56,12.31
Rice,Uttar Pradesh,1123.6,18.8,172.2,48.1,32.4,6.55,3.01,17.87
Wheat,West Bengal,369.4,11.0,161.5,46.1,31.5,5.47,6.77,14.5
Maize,West Bengal,346.3,19.3,108.1,54.8,26.2,5.26,8.68,14.97
Rice,Punjab,1963.2,25.4,85.7,80.7,59.6,6.94,3.28,12.71
Maize,Bihar,341.3,29.1,62.8,29.2,33.9,7.6,3.43,10.29
Rice,Madhya Pradesh,1885.8,31.0,107.2,34.1,33.2,5.5,3.07,19.87
Wheat,Uttar Pradesh,698.3,25.0,56.6,36.3,51.3,5.57,7.06,15.93
Rice,Madhya Pradesh,1069.1,27.4,99.4,29.2,35.6,5.64,0.83,22.89
Wheat,Maharashtra,465.5,11.9,170.0,72.7,49.0,7.25,3.21,15.3
Rice,Uttar Pradesh,829.6,26.1,83.4,60.1,35.1,4.94,8.97,18.96
Wheat,West Bengal,683.8,27.2,141.9,67.1,50.1,7.43,7.38,18.87
Maize,Bihar,670.5,22.6,166.0,25.0,18.1,5.66,2.09,17.01
Maize,Madhya Pradesh,644.8,20.2,144.2,27.8,57.5,6.07,0.65,17.49
Wheat,West Bengal,387.4,17.8,62.2,62.1,62.8,6.41,9.96,16.82
Rice,West Bengal,998.6,25.0,64.8,74.2,39.3,6.95,0.81,20.76
Wheat,Madhya Pradesh,501.7,18.6,72.9,35.5,51.5,5.35,2.81,15.12
Rice,Maharashtra,903.9,25.4,45.8,42.3,58.8,6.93,1.54,17.65
Rice,West Bengal,1048.3,30.3,118.8,21.4,57.0,7.08,6.71,20.05
Wheat,Maharashtra,664.4,28.4,42.5,81.0,52.3,8.08,2.72,13.46
Rice,Uttar Pradesh,1887.7,33.6,79.5,27.1,44.9,4.84,2.79,14.01
Wheat,Uttar Pradesh,525.7,16.1,119.6,82.4,41.7,6.0,1.09,17.58
Maize,Bihar,202.2,20.5,135.1,95.0,43.3,6.31,4.97,17.11
Maize,West Bengal,967.3,24.8,130.6,78.0,34.4,6.15,7.08,18.06
Wheat,Maharashtra,865.8,26.9,43.9,78.1,53.4,6.73,5.22,11.19
Rice,Punjab,1456.8,35.1,104.6,40.4,17.3,5.54,2.17,21.66
Wheat,Bihar,672.4,12.7,56.1,48.4,14.3,7.37,5.63,13.84
Maize,West Bengal,511.9,15.2,125.8,96.3,16.7,5.27,6.92,17.52
Maize,Madhya Pradesh,715.1,25.4,49.2,79.3,21.6,6.48,4.99,18.35
Wheat,Maharashtra,608.5,20.5,122.1,87.9,31.4,7.46,4.75,20.33
Wheat,West Bengal,359.3,14.0,94.2,43.7,23.5,8.1,5.09,13.94
Wheat,Maharashtra,567.9,22.2,130.3,42.4,15.2,7.9,9.33,17.43
Wheat,Punjab,231.5,25.2,157.7,41.8,42.9,5.83,1.71,13.89
Rice,Maharashtra,1158.3,41.9,126.9,22.5,22.0,5.18,9.77,18.52
Maize,West Bengal,440.3,30.3,80.8,96.6,26.5,6.16,2.09,13.53
Rice,Punjab,1971.8,41.2,113.7,64.4,24.9,5.78,2.43,15.46
Rice,West Bengal,1576.7,27.8,146.7,84.5,49.9,6.99,6.09,18.26
Rice,West Bengal,1245.1,24.4,88.7,66.1,39.4,4.91,1.19,20.61
Maize,Punjab,533.6,17.9,131.3,95.6,27.0,5.41,9.03,18.12
Rice,Maharashtra,1657.7,43.4,160.2,61.2,46.0,5.55,6.96,20.23
Wheat,Punjab,860.6,16.5,111.2,90.8,42.9,6.4,9.33,14.74
Wheat,Uttar Pradesh,404.2,17.6,136.0,64.1,30.2,5.47,5.99,19.14
Rice,Punjab,619.1,35.6,174.0,50.3,60.0,4.92,0.91,15.87
Maize,Madhya Pradesh,229.9,26.9,167.4,79.5,34.6,6.54,8.22,15.95
Maize,Punjab,618.7,26.3,102.8,93.9,23.1,5.05,4.37,18.93
Maize,Madhya Pradesh,486.8,16.2,127.1,25.3,24.5,6.45,3.91,16.79
Wheat,West Bengal,520.2,26.1,157.3,74.3,33.6,7.12,8.64,17.25
Rice,Madhya Pradesh,1462.1,29.1,147.6,88.8,63.0,6.71,6.22,19.95
Wheat,Madhya Pradesh,185.9,25.3,144.6,60.0,22.6,7.86,6.16,13.74
Maize,Uttar Pradesh,784.8,24.7,126.7,32.6,20.4,6.87,9.71,19.27
Maize,West Bengal,387.6,24.8,95.6,54.6,42.6,5.0,2.55,16.87
Rice,Punjab,1731.1,39.2,107.6,56.1,50.6,5.33,8.62,20.49
Wheat,Uttar Pradesh,572.0,26.7,63.1,48.9,60.9,5.64,1.08,16.4
Rice,Maharashtra,660.3,26.2,135.2,51.2,51.4,6.82,7.7,21.92
Rice,Punjab,913.0,24.2,141.0,66.6,37.0,6.24,2.02,22.45
Maize,West Bengal,235.2,29.1,74.3,87.8,45.9,6.16,0.72,13.64
Rice,Punjab,551.2,18.1,48.0,80.6,26.0,6.03,4.55,14.34
Maize,Maharashtra,604.5,31.4,113.4,25.0,49.4,4.87,5.07,17.64
Wheat,Bihar,721.7,29.3,174.9,78.6,24.5,5.59,1.06,10.83
Maize,West Bengal,453.1,21.3,166.1,50.1,36.6,7.62,8.64,15.52
Rice,Maharashtra,912.1,25.6,177.3,51.2,36.8,6.04,4.39,19.68
Wheat,Maharashtra,561.7,11.7,64.8,75.5,33.5,5.21,2.09,13.68
Rice,Bihar,1872.5,36.0,51.7,31.4,34.0,4.93,9.37,14.36
Rice,Madhya Pradesh,1520.0,31.3,78.5,59.3,39.1,6.65,9.58,21.6
Wheat,Punjab,445.1,12.8,163.1,69.8,16.1,5.46,1.42,13.61
Maize,Bihar,588.5,17.6,67.7,32.2,63.8,5.06,7.69,14.23
Wheat,Uttar Pradesh,759.2,30.5,145.3,70.5,36.0,7.75,1.34,13.43
Wheat,Uttar Pradesh,621.0,16.6,112.1,74.4,14.9,6.88,2.15,17.76
Wheat,Punjab,793.5,23.6,116.4,84.9,54.9,7.88,9.96,15.1
Wheat,Maharashtra,417.1,18.6,141.6,34.1,62.3,8.24,8.28,16.9
Wheat,Madhya Pradesh,289.5,23.2,99.1,68.0,33.0,6.72,2.29,16.74
Wheat,West Bengal,538.7,17.1,156.8,25.9,36.1,7.54,3.47,17.72
Maize,Bihar,527.2,27.6,152.6,51.7,18.3,6.97,4.22,19.17
Wheat,Madhya Pradesh,817.3,27.4,54.8,57.7,47.3,6.66,4.21,13.74
Rice,Punjab,689.6,28.3,159.3,52.5,61.5,5.19,7.29,15.49
Rice,West Bengal,1652.1,35.3,114.3,33.4,54.6,7.05,7.36,18.27
Maize,West Bengal,991.5,23.4,41.6,66.3,44.3,6.04,8.46,16.33
Wheat,Madhya Pradesh,218.9,20.9,131.6,78.3,37.6,5.85,5.16,16.06
Rice,Madhya Pradesh,1232.8,18.4,121.6,59.6,14.8,6.81,6.39,22.98
Wheat,Madhya Pradesh,757.2,17.7,164.0,35.5,42.7,5.58,3.25,13.18
Maize,Bihar,1043.4,22.7,78.6,103.8,19.2,6.52,7.99,13.65
Maize,Madhya Pradesh,549.5,25.9,73.0,75.8,27.3,7.18,7.19,17.48
Rice,Bihar,527.5,36.7,160.6,53.5,40.0,5.45,9.71,16.2
Wheat,Bihar,651.3,14.9,122.7,45.2,46.5,6.83,2.21,18.1
Maize,Maharashtra,726.2,28.5,62.0,41.2,26.1,5.93,7.72,15.97
Wheat,Bihar,859.9,30.9,60.4,54.9,59.7,7.23,4.63,11.96
Wheat,West Bengal,394.8,21.3,162.1,88.7,28.3,7.15,8.67,17.32
Wheat,Punjab,730.3,11.3,67.9,21.6,53.7,8.2,6.77,10.44
Wheat,West Bengal,679.0,11.4,157.9,88.3,45.0,8.11,4.42,14.62
Maize,Maharashtra,1035.9,19.4,91.0,53.6,25.9,6.0,5.3,15.5
Wheat,Maharashtra,162.7,16.4,150.6,72.7,14.5,6.58,4.65,14.74
Wheat,Maharashtra,525.4,12.8,106.0,60.3,50.9,6.4,3.52,18.28
Rice,Bihar,734.5,27.4,96.0,29.3,22.3,6.37,3.73,16.12
Maize,Uttar Pradesh,754.0,24.6,165.9,32.6,38.0,5.4,0.85,19.1
Wheat,Uttar Pradesh,633.0,28.8,128.4,75.3,49.5,6.56,7.04,17.18
Rice,Punjab,1634.2,20.4,181.9,86.9,59.7,6.22,5.47,15.22
Wheat,Madhya Pradesh,745.8,29.5,174.8,64.7,63.3,7.97,0.52,11.92
Wheat,Bihar,201.7,29.0,78.1,23.0,42.7,5.81,4.86,11.14
Maize,Uttar Pradesh,504.6,22.5,60.9,83.3,28.3,5.59,3.86,17.38
Wheat,Punjab,356.1,12.3,150.3,49.5,40.0,6.58,4.6,18.29
Maize,Punjab,495.8,33.4,80.5,82.1,33.2,7.21,4.89,16.37
Wheat,Maharashtra,755.2,25.3,56.7,67.3,47.9,7.47,3.5,16.68
Maize,Uttar Pradesh,875.3,18.8,97.1,42.1,48.9,5.74,9.24,15.28
Wheat,Maharashtra,598.5,26.9,89.7,37.2,51.0,7.58,9.57,16.53
Wheat,Punjab,213.4,14.3,85.0,30.5,32.6,8.0,2.99,12.39
Maize,West Bengal,299.3,20.4,114.1,60.1,14.3,7.5,9.09,15.52
Maize,Bihar,868.6,25.2,171.7,88.6,43.1,4.81,7.64,13.82
Maize,West Bengal,673.0,22.9,45.2,89.7,36.0,5.65,6.26,17.87
Wheat,Uttar Pradesh,722.2,10.9,71.7,23.8,59.8,5.12,5.18,10.34
Maize,West Bengal,445.6,30.8,111.3,69.1,41.6,4.7,0.94,20.04
Rice,Maharashtra,1256.3,27.7,111.4,57.1,32.4,5.78,8.12,25.24
Rice,Maharashtra,2030.3,42.3,141.5,24.9,44.3,7.12,9.5,15.41
Maize,West Bengal,817.5,15.7,88.6,25.3,55.9,5.03,1.23,16.06
Maize,Uttar Pradesh,640.5,29.8,160.0,24.3,33.9,7.68,6.1,13.96
Maize,Maharashtra,1063.1,26.1,154.2,58.8,51.5,6.02,5.62,16.69
Wheat,Uttar Pradesh,449.9,16.5,40.8,80.7,38.1,7.37,9.61,16.36
Wheat,Uttar Pradesh,670.4,23.0,68.9,66.4,31.0,6.16,4.49,15.43
Maize,Uttar Pradesh,1033.2,17.9,53.9,37.9,61.6,5.34,7.98,10.89
Rice,West Bengal,1579.0,35.2,136.9,25.3,36.8,5.69,1.32,20.63
Rice,Maharashtra,1488.1,36.9,164.9,82.2,50.8,7.04,2.2,16.7
Maize,West Bengal,428.5,24.1,69.0,57.9,21.5,5.12,8.51,15.24
Rice,Maharashtra,1166.5,37.8,92.2,64.9,40.1,7.13,2.15,21.76
Wheat,Bihar,477.1,15.4,167.9,67.6,35.3,5.96,4.12,17.02
Wheat,West Bengal,280.0,25.9,59.1,46.5,40.3,5.26,1.99,12.99
Rice,Bihar,2018.5,21.5,138.2,55.9,41.1,6.42,5.14,20.22
Maize,Uttar Pradesh,804.0,22.2,96.4,38.1,14.0,6.07,8.39,19.02
Maize,Maharashtra,747.7,24.6,88.8,50.8,54.7,5.83,1.26,18.64
Wheat,West Bengal,227.4,25.1,180.2,46.5,59.0,6.39,9.73,14.58
Rice,Bihar,1828.4,19.3,42.6,21.8,40.1,6.68,1.71,12.94
Rice,Maharashtra,1993.5,25.1,98.5,73.9,31.5,5.58,9.95,18.83
Maize,Bihar,412.7,31.1,134.3,95.6,56.6,5.07,9.62,13.29
Rice,Punjab,1753.4,35.2,56.4,83.6,22.2,5.1,9.06,14.85
Maize,Punjab,557.9,20.8,103.6,59.6,39.9,6.08,5.4,23.15
Maize,Madhya Pradesh,280.0,32.2,115.0,53.0,34.3,5.56,2.05,15.95
Rice,Maharashtra,1662.2,21.5,76.5,75.0,41.3,4.71,0.52,16.19
Maize,West Bengal,218.0,24.7,157.7,67.6,32.4,6.1,1.27,15.8
Rice,West Bengal,486.1,29.3,64.4,28.7,43.9,5.93,7.56,16.44
Maize,Bihar,370.7,30.6,110.2,32.4,32.3,7.45,8.43,16.06
Rice,West Bengal,1063.8,30.2,150.7,40.8,55.0,5.49,8.16,19.23
Rice,Bihar,736.3,37.9,162.2,37.5,48.1,5.0,3.11,13.2
Wheat,Madhya Pradesh,352.1,22.3,95.5,34.3,14.2,6.11,5.4,16.92
Maize,West Bengal,408.5,23.8,96.8,101.7,54.4,4.91,2.01,16.23
Rice,Bihar,734.5,38.1,140.1,88.8,63.2,5.35,7.78,15.47
Rice,Madhya Pradesh,703.4,22.7,162.0,84.8,24.8,5.84,7.47,14.02
Maize,Uttar Pradesh,1114.4,27.5,73.2,78.2,56.3,6.61,5.08,15.28
Maize,Bihar,553.7,28.1,41.4,65.9,48.6,6.96,4.79,17.13
Maize,West Bengal,1031.3,30.8,113.2,81.3,34.0,7.02,2.12,15.82
Maize,Madhya Pradesh,1033.6,20.8,40.5,85.4,29.3,4.74,4.84,11.96
Rice,West Bengal,759.0,37.0,135.1,60.1,58.0,6.62,6.85,19.16
Wheat,Madhya Pradesh,386.3,20.6,40.5,81.0,29.6,5.95,9.98,15.82
Maize,West Bengal,705.5,30.1,101.8,28.5,58.4,6.27,8.18,16.6
Maize,Punjab,267.5,32.5,61.0,102.3,56.2,5.04,1.47,10.62
Wheat,Bihar,831.2,15.3,114.0,80.3,33.2,5.29,3.27,15.05
Wheat,Madhya Pradesh,325.6,24.1,95.9,31.2,55.2,6.46,9.19,16.73
Maize,Madhya Pradesh,628.8,29.3,127.4,52.0,27.5,5.03,4.42,16.03
Rice,Punjab,1033.9,32.0,179.4,28.5,52.6,5.5,1.61,19.15
Rice,Madhya Pradesh,1188.2,43.1,45.6,90.1,57.3,6.97,2.92,14.81
Maize,Maharashtra,294.2,33.1,130.6,29.3,36.6,5.35,5.16,13.82
Maize,Punjab,694.1,19.9,43.3,41.2,55.0,5.52,0.63,17.64
Rice,Bihar,987.4,38.6,164.9,53.6,63.5,6.04,3.07,19.93
Maize,Bihar,785.9,27.6,145.0,52.0,46.0,5.93,4.21,19.94
Maize,Bihar,963.7,22.4,147.8,67.4,44.8,5.16,3.85,15.73
Maize,Madhya Pradesh,760.9,22.3,104.4,96.9,42.8,4.98,5.48,16.71
Rice,Madhya Pradesh,486.0,25.3,180.3,67.0,35.4,5.23,7.58,17.85
Maize,Madhya Pradesh,388.0,25.2,155.2,39.0,14.2,5.05,4.88,13.84
Wheat,West Bengal,425.0,15.9,93.0,45.5,45.0,7.44,8.69,16.43
Rice,Maharashtra,1065.5,38.4,151.3,46.7,45.8,5.24,6.01,20.13
Wheat,Bihar,313.3,28.3,155.4,57.5,57.2,7.21,1.84,12.44
Maize,Madhya Pradesh,397.2,15.4,145.9,34.0,43.7,5.09,1.13,14.88
Maize,West Bengal,882.0,16.3,132.1,45.3,52.2,6.25,2.2,16.57
Maize,West Bengal,739.1,19.5,76.9,103.3,61.2,5.09,2.44,15.88
Wheat,Maharashtra,467.7,17.7,81.0,60.3,31.8,6.13,0.66,16.61
Maize,Punjab,531.2,21.5,137.2,39.0,63.9,4.86,9.75,19.09
Maize,Maharashtra,617.4,32.0,46.1,32.6,39.0,6.05,4.66,16.18
Wheat,Bihar,176.0,26.2,72.3,79.1,60.1,5.63,7.23,11.87
Rice,Bihar,1598.2,35.7,93.2,44.4,14.3,7.11,6.26,18.39
Rice,West Bengal,631.2,31.9,103.4,56.4,25.0,7.0,6.57,15.99
Wheat,West Bengal,231.7,30.1,150.1,27.6,40.5,5.21,6.09,12.06
Maize,Madhya Pradesh,939.1,24.0,83.9,62.3,58.5,6.89,2.15,17.83
Maize,Madhya Pradesh,409.7,15.0,120.6,40.2,46.1,5.37,4.57,16.48
Rice,Madhya Pradesh,551.0,32.7,89.4,37.3,25.2,7.02,1.63,13.05
Rice,Uttar Pradesh,1213.2,31.0,165.9,78.1,26.2,4.71,6.48,17.39
Maize,Madhya Pradesh,270.0,33.3,146.0,99.9,31.3,6.29,3.56,13.02
Maize,Madhya Pradesh,580.3,23.1,57.5,61.6,63.0,5.02,5.9,17.6
Wheat,Maharashtra,547.9,30.4,100.2,50.2,37.5,5.98,2.04,18.12
Wheat,Bihar,464.1,27.5,120.2,50.4,50.7,6.54,1.72,19.17
Wheat,West Bengal,524.5,12.5,50.1,68.1,29.1,7.21,3.3,16.66
Wheat,Punjab,566.7,15.4,167.7,33.6,21.9,5.14,2.23,12.86
Rice,West Bengal,1148.5,29.8,146.3,88.4,33.4,5.54,6.3,21.63
Maize,Uttar Pradesh,801.1,28.5,119.4,25.1,15.1,7.34,2.27,18.02
Wheat,Punjab,525.6,26.3,126.8,49.5,48.7,6.91,5.35,21.4
Wheat,Bihar,909.5,23.5,110.6,85.2,56.4,5.45,3.38,15.67
Maize,Madhya Pradesh,918.4,28.7,162.9,36.6,44.7,7.04,5.4,14.16
Rice,Uttar Pradesh,875.4,18.3,127.2,46.5,47.2,4.94,0.63,20.4
Wheat,Bihar,484.8,17.2,116.4,20.2,33.4,6.61,8.13,19.0
Maize,Maharashtra,532.7,28.7,150.4,87.2,51.7,5.38,3.25,18.87
Rice,Uttar Pradesh,740.4,29.5,160.7,76.9,22.3,6.34,8.64,14.59
Wheat,Madhya Pradesh,506.5,18.9,91.1,30.3,31.0,7.87,1.47,18.05
Maize,Uttar Pradesh,709.6,29.1,125.1,98.0,58.3,5.47,8.9,16.31
Rice,Bihar,913.0,41.2,46.4,86.4,56.7,4.97,1.07,15.7
Wheat,West Bengal,337.4,29.0,104.3,70.2,56.2,5.97,1.63,15.76
Rice,Bihar,924.4,41.9,53.4,90.6,53.3,4.91,6.73,14.64
Wheat,Maharashtra,210.6,16.9,154.9,67.3,26.2,7.37,7.22,15.02
Maize,Madhya Pradesh,965.6,20.3,176.2,50.0,60.4,7.33,8.71,12.12
Wheat,Maharashtra,781.8,19.0,179.9,80.9,28.3,6.27,3.12,12.21
Rice,Punjab,1070.3,38.9,121.8,80.0,23.9,5.13,4.68,19.74
Wheat,Maharashtra,517.1,16.3,96.8,58.8,46.7,8.06,3.66,16.82
Wheat,Bihar,233.6,18.2,128.7,75.4,25.1,7.2,6.64,14.52
Maize,Punjab,292.7,20.4,54.6,93.7,32.5,5.79,7.7,14.51
Wheat,West Bengal,537.5,20.1,128.0,35.3,35.8,8.06,2.76,15.32
Maize,West Bengal,480.1,25.5,145.6,78.2,64.4,5.51,0.5,20.27
Wheat,Maharashtra,841.5,23.5,46.9,66.8,32.4,8.03,9.39,15.57
Maize,Uttar Pradesh,1029.4,21.9,78.8,77.7,49.9,6.13,3.24,14.97
Rice,Punjab,1209.9,22.2,109.3,27.3,58.5,6.06,4.34,20.02
Maize,West Bengal,486.5,21.5,85.0,91.5,42.6,7.6,1.3,16.18
Wheat,Madhya Pradesh,356.2,12.6,144.5,27.5,44.9,6.98,7.96,15.65
Rice,Bihar,1651.3,43.0,165.5,54.4,55.5,4.85,5.94,14.66
Rice,Madhya Pradesh,1788.6,24.7,118.0,59.0,44.7,4.81,2.1,19.51
Rice,Uttar Pradesh,997.7,37.1,153.8,82.2,26.4,5.98,2.62,19.49
Rice,Punjab,561.6,33.7,64.3,60.1,43.2,5.83,5.47,18.17
Wheat,Uttar Pradesh,237.3,30.6,74.5,88.6,48.7,6.05,4.15,11.6
Maize,Bihar,213.7,32.0,48.8,84.2,29.0,5.43,2.21,12.32
Maize,Uttar Pradesh,577.8,29.0,118.8,87.8,51.9,7.65,8.2,17.61
Rice,West Bengal,2050.9,24.3,111.6,81.0,36.9,5.37,8.63,18.57
Rice,Uttar Pradesh,1512.6,28.5,142.0,23.7,42.3,5.03,6.98,20.37
Wheat,Punjab,624.3,28.4,49.4,48.2,61.9,6.68,2.6,16.18
Wheat,Bihar,612.2,13.3,118.1,39.1,49.5,5.19,4.96,15.43
Maize,Punjab,432.8,15.0,112.3,53.9,48.6,6.54,2.09,16.75
Rice,Punjab,1169.2,28.4,67.0,83.8,26.9,6.42,1.14,19.75
Maize,Bihar,724.6,20.7,134.2,35.2,40.8,5.03,4.73,18.99
Wheat,Bihar,906.0,12.5,162.7,47.4,14.9,6.71,3.15,12.96
Maize,Madhya Pradesh,362.0,25.8,91.5,99.4,27.0,7.2,9.02,15.79
Rice,Madhya Pradesh,859.9,18.7,131.1,60.3,31.2,5.04,9.6,17.99
Maize,Maharashtra,581.5,31.4,102.2,44.2,40.7,5.24,6.03,16.43
Wheat,West Bengal,732.7,17.4,94.4,81.5,63.6,7.55,2.56,13.86
Maize,Uttar Pradesh,915.6,31.1,42.4,62.2,27.2,5.5,3.06,14.06
Wheat,Bihar,241.9,24.8,59.8,30.4,25.7,7.47,2.4,12.04
Rice,Uttar Pradesh,2077.4,19.8,178.4,34.5,45.8,5.71,4.15,14.42
Wheat,Madhya Pradesh,866.1,22.8,176.5,44.9,14.1,7.56,8.36,12.82
Rice,Punjab,487.7,43.0,139.9,40.2,24.4,5.41,8.82,16.21
Maize,Uttar Pradesh,865.9,22.0,140.1,53.3,19.0,5.61,0.57,20.52
Rice,Bihar,1448.9,19.4,65.3,27.2,53.0,6.74,2.27,17.95
Wheat,Maharashtra,258.0,14.7,82.7,86.5,30.6,5.16,1.85,12.14
Wheat,Punjab,630.0,19.6,52.4,89.8,26.5,6.71,6.84,13.69
Wheat,Punjab,686.3,12.6,92.1,59.2,52.5,6.81,7.89,16.86
Rice,Uttar Pradesh,1836.1,27.1,85.5,56.2,36.2,6.37,1.8,18.16
Maize,West Bengal,952.8,28.1,52.6,35.8,37.1,5.58,8.74,12.55
Maize,West Bengal,911.3,25.8,168.0,71.2,33.0,5.27,8.22,15.43
Wheat,West Bengal,425.0,18.9,137.3,46.7,33.1,5.3,4.46,18.52
Maize,Maharashtra,1090.0,17.6,90.5,82.8,43.2,5.99,7.17,13.6
Wheat,West Bengal,689.9,20.8,175.6,70.7,44.3,5.76,2.82,16.09
Wheat,Bihar,528.6,28.7,136.6,90.5,54.0,7.13,5.85,15.8
Wheat,Bihar,845.8,22.6,70.9,39.7,36.9,6.12,0.7,13.88
Wheat,Uttar Pradesh,676.1,14.1,130.4,50.4,37.0,5.67,7.58,18.34
Wheat,Punjab,449.8,28.5,164.8,78.8,53.7,7.6,3.32,15.73
Maize,West Bengal,1085.4,19.3,41.6,92.0,62.7,6.74,4.37,12.72
Wheat,Punjab,282.2,24.3,126.0,77.5,36.9,5.98,8.45,15.84
Wheat,Uttar Pradesh,646.8,24.8,114.7,63.4,36.1,7.5,0.9,20.7
Wheat,Madhya Pradesh,236.0,22.7,149.4,59.9,29.5,7.37,4.76,15.02
Rice,Uttar Pradesh,988.1,36.6,116.8,57.6,24.0,6.38,4.22,21.83
Rice,Maharashtra,1008.3,37.9,138.7,67.3,56.3,5.36,3.73,23.85
Rice,Bihar,1280.4,26.3,62.3,20.8,26.6,6.94,8.07,16.94
Wheat,Uttar Pradesh,366.1,16.6,125.2,29.6,26.3,6.1,4.77,16.43
Wheat,Punjab,583.2,28.3,163.5,77.0,55.7,7.87,1.58,12.85
Rice,Maharashtra,1080.5,36.8,63.2,60.2,48.3,5.55,8.4,21.37
Maize,West Bengal,1064.0,24.7,145.5,68.4,53.6,6.99,7.7,16.82
Wheat,Punjab,476.6,13.5,94.9,81.8,30.9,5.3,9.61,15.87
Rice,Uttar Pradesh,997.5,42.2,76.2,40.0,46.4,4.68,7.41,16.68
Wheat,Punjab,720.9,21.5,82.8,64.7,33.8,7.58,0.53,16.71
Rice,Maharashtra,1724.5,19.8,67.1,52.3,61.4,6.07,4.18,13.32
Wheat,Uttar Pradesh,290.5,13.6,56.5,66.4,21.0,5.37,4.13,11.03
Rice,Uttar Pradesh,776.6,26.0,43.3,30.9,42.7,6.29,6.66,17.29
Rice,Madhya Pradesh,1125.3,22.6,132.4,61.5,21.9,6.87,4.0,20.82
Maize,West Bengal,620.7,21.6,113.3,51.0,32.4,5.27,3.78,19.12
Wheat,Maharashtra,573.6,24.5,132.7,73.2,24.5,5.45,6.86,16.13
Wheat,Bihar,322.7,13.7,167.6,20.1,51.8,5.37,6.37,12.18
Wheat,Uttar Pradesh,578.4,18.0,94.1,37.4,28.0,6.53,2.86,15.86
Maize,Punjab,1051.1,23.6,116.7,28.2,55.2,6.47,5.05,15.45
Wheat,Punjab,331.3,13.4,109.2,56.3,53.4,7.34,9.16,15.97
Wheat,Uttar Pradesh,395.3,26.1,146.8,37.0,45.7,7.23,3.11,16.99
Wheat,Uttar Pradesh,875.3,23.3,84.4,86.8,49.7,5.94,9.11,15.47
Rice,Maharashtra,1716.5,33.0,55.7,25.6,52.3,5.4,8.95,16.41
Wheat,Punjab,489.0,29.2,163.4,44.4,49.5,7.18,7.83,15.92
Rice,Bihar,1216.9,29.1,59.5,20.3,23.8,5.26,8.1,17.99
Maize,Maharashtra,533.6,30.7,84.7,101.2,15.2,6.55,1.57,16.57
Wheat,Uttar Pradesh,582.6,22.3,161.9,50.2,59.6,6.27,3.62,16.84
Wheat,Maharashtra,478.3,12.6,56.8,74.2,58.0,6.54,1.07,16.18
Wheat,Uttar Pradesh,241.3,30.9,111.0,44.3,59.6,8.02,5.22,11.54
Wheat,Uttar Pradesh,414.0,29.3,124.1,22.6,57.9,7.5,6.6,12.23
Maize,West Bengal,544.6,33.2,173.8,98.2,45.0,6.54,9.32,15.09
Rice,Punjab,1111.3,29.9,72.0,60.6,42.9,6.41,6.66,22.48
Maize,Maharashtra,403.0,28.3,74.6,26.5,17.8,4.82,3.16,12.49
Maize,Uttar Pradesh,257.5,20.6,131.9,96.2,16.1,4.73,6.13,14.93
Maize,Punjab,289.9,19.5,42.1,103.4,46.7,6.62,5.43,13.84
Wheat,Punjab,379.6,26.2,174.7,60.8,38.8,7.46,1.42,16.15
Maize,Maharashtra,644.5,17.0,118.0,97.3,14.2,7.32,5.62,16.18
Wheat,Madhya Pradesh,595.4,11.1,46.7,25.4,51.7,5.82,2.25,14.33
Wheat,Maharashtra,465.3,12.2,177.3,36.2,39.2,5.46,6.65,14.51
Wheat,West Bengal,311.2,18.2,132.5,54.8,57.1,7.95,5.08,17.63
Wheat,Punjab,326.1,23.4,174.6,57.6,63.8,6.08,5.86,15.05
Wheat,Madhya Pradesh,232.8,14.1,160.3,69.7,29.1,5.93,1.26,13.93
Wheat,Uttar Pradesh,258.1,22.4,61.0,85.9,54.7,5.84,3.33,12.56
Rice,Maharashtra,1075.5,17.6,103.4,20.4,17.8,5.74,1.28,20.42
Rice,West Bengal,1893.3,39.5,163.7,30.8,20.0,6.96,2.15,12.16
Maize,West Bengal,911.8,16.4,169.6,96.8,31.9,7.08,2.63,11.44
Rice,West Bengal,956.8,33.6,166.4,62.8,49.4,5.58,2.02,19.81
Rice,West Bengal,982.3,34.4,72.2,59.8,27.0,6.09,2.13,19.63
Rice,Madhya Pradesh,956.1,20.4,179.3,32.5,23.8,5.04,5.92,13.69
Rice,Punjab,2048.7,43.3,80.9,72.1,52.2,5.53,1.68,15.03
Maize,Punjab,898.5,21.1,166.9,90.4,28.1,5.45,4.28,14.58
Wheat,Punjab,274.9,16.4,129.3,33.1,29.5,6.57,2.67,16.85
Wheat,Uttar Pradesh,620.1,29.3,107.7,44.5,40.1,5.71,6.44,17.06
Rice,Maharashtra,1886.8,25.5,74.6,81.6,26.6,5.7,4.0,14.65
Rice,Maharashtra,1043.2,22.7,55.9,75.7,42.3,5.44,6.28,21.33
Wheat,Madhya Pradesh,893.3,30.0,160.1,84.7,33.5,5.82,2.24,12.15
Wheat,West Bengal,611.9,16.2,106.8,51.4,52.2,6.66,4.5,20.56
Rice,Punjab,1440.2,41.2,120.5,33.8,31.6,6.14,5.31,20.45
Wheat,Punjab,871.7,12.5,130.1,24.3,17.9,6.98,5.74,14.12
Wheat,Uttar Pradesh,781.4,14.4,173.0,61.2,45.2,6.73,5.77,14.25
Maize,Maharashtra,729.2,15.0,133.1,73.0,45.2,5.53,1.43,19.31
Maize,Uttar Pradesh,886.7,23.7,165.8,94.3,21.9,5.34,4.4,15.62
Wheat,Uttar Pradesh,733.9,27.5,140.4,81.3,32.9,7.27,3.01,14.39
Rice,Punjab,410.4,18.0,150.4,31.5,44.5,6.36,3.15,14.27
Wheat,Punjab,749.6,11.7,152.9,55.6,42.6,6.88,1.03,14.66
Wheat,Uttar Pradesh,692.6,19.3,176.4,83.6,51.7,7.52,4.52,15.12
Wheat,Punjab,305.4,31.1,69.0,20.7,62.2,6.45,4.29,10.68
Maize,Bihar,844.1,16.9,71.1,69.1,49.0,5.15,4.84,16.39
Wheat,Punjab,666.3,13.0,105.0,80.1,17.6,8.22,6.02,14.8
Maize,Punjab,876.5,27.9,116.4,55.0,59.4,7.35,6.23,17.2
Wheat,Uttar Pradesh,460.4,24.7,61.1,56.9,21.1,7.08,8.39,16.34
Maize,Bihar,936.0,16.4,51.7,52.5,45.1,4.7,5.39,12.35
Rice,Madhya Pradesh,1889.9,25.6,68.4,26.0,40.1,5.79,7.64,14.6
Rice,Punjab,1336.6,19.0,145.3,79.6,60.9,4.93,9.43,18.95
Rice,Madhya Pradesh,1788.2,37.6,149.5,83.1,18.3,6.4,9.7,16.37
Rice,Madhya Pradesh,1963.1,39.5,164.8,64.7,46.4,6.18,4.63,17.01
Wheat,Bihar,610.3,30.8,94.8,66.1,21.8,7.12,2.9,15.09
Rice,West Bengal,983.3,39.6,113.7,44.6,56.8,6.54,3.33,21.99
Maize,Maharashtra,360.9,19.1,44.9,96.1,49.5,6.08,5.83,13.72
Wheat,Maharashtra,850.1,12.1,52.9,57.5,38.0,7.11,2.68,12.6
Maize,Madhya Pradesh,641.8,17.9,104.4,89.7,64.4,7.58,9.64,16.26
Maize,Bihar,277.4,17.1,74.7,53.8,40.9,6.63,2.04,13.75
Wheat,Maharashtra,164.2,22.5,40.9,85.8,27.6,7.84,0.62,11.18
Rice,Punjab,1444.8,17.8,126.3,72.2,53.2,4.82,3.38,19.37
Rice,Madhya Pradesh,1808.0,25.8,60.6,90.8,15.5,6.15,6.68,14.83
Wheat,Maharashtra,361.5,22.3,120.8,36.3,52.3,5.38,6.42,16.28
Wheat,West Bengal,570.8,16.9,139.1,79.2,54.1,8.18,6.55,17.75
Wheat,Punjab,501.0,19.4,144.3,31.9,46.2,6.07,4.13,18.31
Rice,Madhya Pradesh,1942.6,20.0,141.1,71.7,60.7,5.96,3.56,16.67
Wheat,Maharashtra,662.1,21.2,177.3,55.6,56.8,5.93,8.16,14.43
Maize,Uttar Pradesh,1021.7,27.6,172.4,99.3,40.1,7.26,7.5,11.53
Wheat,West Bengal,312.2,29.4,121.3,52.5,52.1,7.94,3.0,13.76
Maize,West Bengal,304.3,16.1,63.0,88.6,50.9,6.61,6.59,11.85
Maize,Punjab,918.1,21.3,105.3,103.4,30.1,6.11,6.53,17.96
Wheat,Uttar Pradesh,163.0,24.8,71.4,84.0,56.8,7.95,7.7,12.41
Rice,Madhya Pradesh,854.1,39.3,60.5,65.9,64.2,6.38,1.25,16.92
Wheat,Punjab,383.3,31.2,72.8,84.8,60.8,6.43,3.39,12.63
Rice,Uttar Pradesh,1346.8,23.0,144.4,68.4,32.5,4.79,0.57,19.89
Maize,Bihar,640.5,33.2,72.7,66.1,19.9,5.59,8.58,17.81
Rice,Madhya Pradesh,594.2,25.4,101.2,41.2,52.9,5.28,1.31,18.47
Maize,Madhya Pradesh,460.8,17.6,176.4,101.2,48.9,7.48,2.04,15.28
Rice,Punjab,1720.5,22.7,169.3,66.6,15.8,4.69,0.99,12.93
Maize,Uttar Pradesh,804.8,32.8,148.5,80.8,25.3,7.19,4.2,15.75
Rice,Madhya Pradesh,614.9,27.9,94.9,39.9,34.5,6.2,3.46,21.92
Wheat,Maharashtra,422.8,14.6,99.7,45.0,64.5,6.56,6.95,18.33
Rice,Bihar,1504.3,20.0,144.3,49.8,44.0,4.74,7.11,20.61
Rice,Uttar Pradesh,940.3,23.9,40.8,58.0,19.9,5.39,6.59,18.53
Wheat,Punjab,816.5,11.6,173.7,43.2,51.7,6.14,9.56,12.69
Wheat,Maharashtra,696.0,23.2,165.0,80.7,26.3,5.16,8.62,11.78
Maize,Madhya Pradesh,231.6,19.7,56.9,31.8,62.2,7.11,3.96,12.47
Maize,Madhya Pradesh,1119.3,33.0,44.1,82.0,27.3,5.71,2.78,13.24
Maize,Madhya Pradesh,665.4,22.4,139.0,67.5,58.8,4.83,0.75,16.47
Maize,West Bengal,876.9,26.7,50.6,42.9,18.8,7.64,1.71,13.13
Wheat,Bihar,395.8,10.5,168.0,61.0,51.4,5.58,4.34,15.08
Maize,Punjab,1047.3,24.6,65.8,61.8,51.2,6.16,3.48,15.36
Wheat,Bihar,268.8,18.5,80.0,37.3,15.3,6.88,4.31,11.83
Wheat,Bihar,632.7,17.6,136.9,75.1,56.3,5.66,2.23,16.06
Maize,Bihar,606.9,22.0,117.5,80.2,29.8,5.26,8.31,21.71
Maize,Maharashtra,871.6,25.6,53.0,100.2,37.3,7.38,6.73,15.13
Wheat,Bihar,235.8,22.5,77.7,79.8,48.8,5.11,5.87,12.27
Wheat,Bihar,311.7,13.5,61.9,52.3,58.8,6.51,6.85,14.76
Wheat,West Bengal,595.7,17.1,65.9,32.0,23.1,6.14,3.17,12.97
Maize,Bihar,788.6,23.4,167.1,34.8,16.6,6.17,5.56,15.82
Wheat,Madhya Pradesh,661.9,25.8,109.5,44.2,22.5,6.01,7.76,17.87
Wheat,Punjab,772.3,27.0,134.8,89.8,36.5,7.44,7.14,15.49
Rice,Maharashtra,1645.0,24.5,133.9,82.0,45.1,5.2,0.97,19.49
Maize,Bihar,535.6,28.4,85.4,91.1,28.3,6.69,4.44,16.71
Maize,Uttar Pradesh,278.8,25.9,89.0,73.9,42.3,5.33,4.89,16.24
Maize,Uttar Pradesh,964.4,22.7,96.4,39.6,63.8,5.62,3.76,14.83
Maize,Bihar,797.7,16.4,126.0,84.1,24.1,5.99,5.65,18.52
Rice,Bihar,1934.2,39.3,129.6,64.0,46.6,6.38,0.66,21.21
Wheat,West Bengal,702.2,23.2,63.2,72.7,41.1,5.45,9.52,12.77
Wheat,Punjab,380.6,15.7,101.0,76.9,54.6,5.21,3.37,17.29
Maize,Maharashtra,838.5,20.8,164.8,35.5,27.0,7.68,9.62,14.54
Rice,Maharashtra,986.1,27.8,118.5,36.5,25.3,5.62,6.88,22.45
Wheat,Bihar,752.8,21.1,42.2,54.3,16.8,7.7,1.58,13.79
Wheat,Uttar Pradesh,689.1,20.0,85.9,71.6,32.8,5.64,3.55,17.11
Wheat,West Bengal,424.4,19.6,142.0,36.1,40.8,5.76,0.53,18.87
Maize,Uttar Pradesh,730.1,33.1,97.7,51.9,28.8,6.13,3.57,16.32
Wheat,Madhya Pradesh,452.4,26.7,69.3,55.7,20.0,6.44,5.44,16.7
Wheat,Uttar Pradesh,432.7,26.2,171.1,88.9,62.3,6.85,5.17,15.73
Rice,Punjab,1506.4,20.9,172.1,55.9,55.8,6.29,7.25,21.61
Wheat,West Bengal,785.5,19.3,114.9,60.0,42.7,5.77,6.19,16.41
Wheat,Madhya Pradesh,861.3,22.3,142.2,28.1,46.5,6.26,4.78,16.94
Rice,Uttar Pradesh,2098.1,18.2,40.0,44.9,32.7,6.86,9.17,13.41
Maize,Uttar Pradesh,930.9,23.4,67.0,56.5,53.2,5.0,5.82,14.18
Wheat,Bihar,774.7,15.4,86.7,63.3,43.8,6.39,0.54,15.38
Rice,West Bengal,1800.2,20.1,49.0,73.9,41.4,5.7,9.09,13.96
Wheat,Uttar Pradesh,422.3,25.3,122.3,31.4,49.0,7.57,1.13,19.07
Maize,Uttar Pradesh,804.0,28.0,156.2,82.7,40.7,7.01,0.84,19.95
Maize,Uttar Pradesh,435.9,20.7,107.8,54.6,43.9,6.58,9.96,21.09
Rice,Madhya Pradesh,1249.1,33.9,133.5,43.6,38.0,6.25,4.57,24.5
Wheat,West Bengal,799.3,18.0,62.4,45.8,55.6,5.51,6.56,12.57
Maize,Maharashtra,379.1,20.7,164.3,103.2,27.5,5.18,1.18,13.44
Maize,Madhya Pradesh,461.1,16.3,48.9,89.2,21.7,7.17,3.02,13.76
Wheat,Madhya Pradesh,262.3,23.9,113.0,38.8,29.5,5.59,8.74,12.53
Maize,Punjab,291.0,26.2,110.7,98.4,56.5,6.86,9.83,17.3
Wheat,Maharashtra,313.1,30.4,142.2,62.1,57.3,6.81,4.69,14.81
Rice,Punjab,1175.6,24.8,88.7,28.7,50.8,6.05,2.72,19.59
Maize,Maharashtra,359.6,32.1,133.6,96.8,45.5,6.05,1.78,15.43
Rice,West Bengal,1068.0,40.5,178.5,82.0,23.8,5.22,6.73,14.63
Rice,Madhya Pradesh,1855.8,25.7,129.5,64.5,56.8,6.51,8.49,18.33
Rice,Uttar Pradesh,783.0,36.5,158.9,25.7,59.0,6.65,8.76,15.48
Maize,Maharashtra,922.4,27.6,121.6,103.4,38.0,6.55,5.34,17.54
Rice,Bihar,1373.6,19.7,53.6,76.8,39.1,5.27,3.81,17.25
Maize,Punjab,372.1,23.3,80.2,25.7,38.2,6.63,3.71,15.56
Maize,Madhya Pradesh,902.6,29.4,116.2,66.2,47.1,6.79,5.69,18.63
Maize,Bihar,514.3,27.6,81.6,26.5,53.2,6.57,2.88,17.7
Wheat,Bihar,630.8,29.7,175.8,88.8,46.9,7.09,5.75,14.04
Maize,West Bengal,1098.3,28.2,81.0,44.4,48.0,6.72,5.48,13.34
Wheat,Bihar,887.2,13.9,97.5,43.8,52.5,7.45,5.12,14.82
Rice,West Bengal,957.4,40.3,170.2,54.8,62.8,6.84,8.34,16.9
Rice,Bihar,434.8,38.3,104.1,76.1,14.3,5.39,7.64,15.16
Wheat,Punjab,742.2,13.5,176.9,29.0,37.2,5.6,1.93,13.67
Wheat,Maharashtra,196.7,15.1,152.7,56.9,18.4,5.94,3.58,15.11
Maize,Punjab,724.9,28.3,45.5,34.9,52.8,7.04,7.17,16.08
Wheat,West Bengal,489.8,10.6,117.0,41.2,42.2,8.05,8.76,15.0
Maize,Punjab,240.5,27.3,172.6,103.5,57.5,7.19,5.43,12.16
Rice,West Bengal,1644.9,37.8,49.5,32.2,33.6,6.82,5.6,15.92
Wheat,Bihar,395.6,27.9,50.8,59.1,42.0,6.13,9.72,17.74
Rice,West Bengal,653.6,31.5,135.6,52.4,21.9,5.28,8.62,17.83
Wheat,Bihar,724.9,27.7,107.0,70.5,56.5,7.22,5.51,16.81
Maize,West Bengal,533.2,31.9,105.8,44.9,59.9,5.14,9.96,15.66
Rice,West Bengal,965.2,40.7,59.3,80.3,27.0,6.45,8.16,17.66
Wheat,Bihar,672.8,11.5,66.3,42.7,30.3,8.12,2.44,12.56
Wheat,Maharashtra,486.6,12.1,72.6,81.1,49.5,6.68,2.83,15.56
Maize,Maharashtra,286.3,32.4,103.8,63.3,43.1,5.77,7.39,16.19
Rice,Bihar,444.2,39.5,50.9,33.8,14.2,5.78,3.68,12.68
Maize,West Bengal,337.5,30.1,44.7,78.3,38.3,4.9,7.04,14.36
Maize,Uttar Pradesh,646.2,23.7,155.1,50.8,61.8,5.43,1.21,17.95
Rice,Bihar,1759.1,21.0,146.0,49.7,14.8,5.98,1.74,17.6
Rice,Punjab,764.8,20.9,171.4,31.5,58.8,6.28,5.98,13.56
Wheat,Punjab,501.3,15.2,107.1,25.0,59.8,7.4,7.72,17.02
Maize,Madhya Pradesh,806.0,29.7,83.1,34.6,51.9,5.14,8.42,17.08
Maize,West Bengal,562.2,33.3,147.3,62.8,35.9,5.07,6.34,18.8
Maize,West Bengal,737.4,23.9,159.1,99.8,55.9,5.91,6.31,18.08
Maize,Uttar Pradesh,661.3,29.9,149.3,40.3,20.8,6.81,3.54,16.98
Wheat,Uttar Pradesh,641.4,19.6,150.5,66.1,43.3,6.47,5.59,18.05
Rice,West Bengal,1738.9,22.4,119.8,27.2,47.3,7.04,5.37,17.54
Maize,Madhya Pradesh,662.8,33.6,148.3,45.1,25.7,5.16,8.16,15.97
Rice,Uttar Pradesh,809.6,37.6,140.8,43.5,45.9,5.16,3.0,19.79
Rice,Bihar,1978.6,27.3,98.7,64.3,54.9,6.33,8.58,18.23
Rice,Madhya Pradesh,1983.9,28.5,141.9,34.0,41.3,4.73,5.29,17.86
Wheat,Bihar,770.6,11.8,108.5,56.3,24.1,5.38,1.21,13.28
Maize,Maharashtra,606.6,24.8,117.8,48.8,57.6,5.3,0.81,20.72
Wheat,Bihar,197.9,17.8,181.8,43.4,57.8,5.37,4.87,11.31
Wheat,Uttar Pradesh,839.3,17.5,125.8,27.2,18.8,5.33,9.31,15.29
Wheat,Bihar,171.6,26.0,144.0,66.1,34.9,5.19,8.12,15.02
Rice,Punjab,1408.9,33.0,88.1,51.7,58.1,6.47,5.44,21.43
Wheat,Madhya Pradesh,477.3,30.9,181.4,59.9,17.5,6.89,9.55,14.25
Wheat,Punjab,337.1,13.6,129.2,51.2,57.9,5.93,6.56,16.93
Maize,Madhya Pradesh,556.9,31.4,78.0,41.8,63.0,6.9,7.76,15.43
Rice,Bihar,1221.7,41.0,79.3,66.7,18.5,5.85,2.56,18.72
Maize,Madhya Pradesh,417.3,20.0,90.6,70.2,27.8,5.3,1.92,16.59
Rice,West Bengal,1002.1,30.2,71.6,68.7,53.8,5.52,9.48,21.33
Wheat,Madhya Pradesh,711.8,12.5,96.9,20.4,29.7,7.21,3.26,16.28
Maize,Maharashtra,224.9,20.5,136.9,30.9,33.2,5.08,5.02,15.85
Rice,Madhya Pradesh,518.8,24.8,103.5,64.8,40.2,6.56,2.99,19.24
Rice,West Bengal,1614.6,29.8,161.1,84.4,58.5,4.83,7.69,16.37
Maize,Madhya Pradesh,763.0,15.2,140.1,92.0,40.7,7.22,4.3,18.61
Wheat,Madhya Pradesh,199.7,23.3,82.3,69.4,49.7,6.53,5.6,15.29
Rice,West Bengal,1754.7,39.5,144.4,47.8,58.1,6.51,7.56,16.23
Wheat,Punjab,866.9,17.8,76.9,77.2,35.6,8.15,9.06,13.06
Maize,Uttar Pradesh,939.8,29.6,137.1,58.0,36.5,5.36,1.8,14.37
Maize,Punjab,947.9,18.8,53.4,77.5,14.4,7.19,5.85,11.99
Maize,Bihar,256.9,15.5,155.6,96.5,53.0,7.29,1.32,12.26
Wheat,West Bengal,810.3,22.7,118.5,36.8,48.6,6.28,0.91,16.2
Rice,Uttar Pradesh,1978.8,21.8,118.2,27.5,45.5,5.58,9.69,17.6
Maize,Madhya Pradesh,1057.9,29.3,80.9,97.1,55.8,5.05,3.75,9.36
Wheat,Madhya Pradesh,850.0,27.4,94.9,82.9,33.3,5.95,6.29,13.29
Wheat,Uttar Pradesh,293.9,23.0,146.6,65.2,30.8,5.29,4.97,15.19
Rice,Punjab,1341.9,20.4,135.5,40.0,47.6,6.47,7.8,20.71
Rice,Bihar,697.5,20.2,69.1,77.2,19.4,6.2,7.59,13.51
Rice,Bihar,1612.3,19.2,71.9,78.6,55.3,6.79,3.6,14.77
Wheat,Uttar Pradesh,256.1,26.4,69.5,54.7,23.1,7.47,2.84,11.81
Maize,Maharashtra,398.9,18.0,74.7,29.5,27.7,7.69,5.36,11.89
Wheat,Punjab,386.6,27.2,110.1,32.2,29.9,8.1,4.6,15.75
Wheat,Madhya Pradesh,305.6,21.9,123.5,48.6,48.7,6.46,8.84,16.69
Wheat,Punjab,763.8,15.2,144.7,70.5,15.7,7.88,8.0,15.41
Maize,Bihar,411.9,17.8,115.8,81.6,38.8,7.16,9.22,17.71
Rice,Punjab,754.1,38.8,169.8,84.7,25.4,5.44,2.03,12.64
Wheat,Maharashtra,855.9,20.8,176.6,49.5,33.8,7.99,6.51,13.76
Rice,West Bengal,827.1,18.6,156.6,61.3,40.2,6.05,2.9,21.29
Wheat,Punjab,474.4,19.2,57.4,41.4,36.7,7.82,9.03,17.69
Wheat,West Bengal,727.4,29.5,118.2,42.0,16.6,7.65,6.41,13.85
Maize,West Bengal,690.9,29.7,49.1,88.8,52.7,6.28,0.72,16.8
Wheat,Uttar Pradesh,454.3,22.4,48.3,65.7,62.2,7.23,4.91,17.71
Rice,Bihar,1176.1,19.5,149.7,66.9,47.1,5.73,4.4,21.11
Maize,Madhya Pradesh,631.5,31.0,130.7,94.3,54.8,5.62,2.35,16.93
Rice,Bihar,1158.3,28.3,65.8,71.9,36.9,4.72,9.66,22.62
Maize,West Bengal,748.5,24.5,153.2,32.8,53.9,7.13,5.98,17.89
Maize,Madhya Pradesh,836.9,24.4,171.6,36.7,38.2,6.65,9.13,15.42
Wheat,West Bengal,708.5,11.4,58.2,42.1,60.0,5.79,7.4,12.11
Wheat,Maharashtra,839.4,28.7,66.2,38.8,23.6,7.37,2.88,10.35
Wheat,Bihar,641.9,15.9,97.8,63.6,34.5,5.2,2.61,18.03
Maize,Madhya Pradesh,752.6,17.3,128.9,87.6,31.2,6.27,6.45,19.93
Wheat,Madhya Pradesh,200.6,27.5,48.2,82.5,16.2,5.5,2.21,10.67
Wheat,West Bengal,235.1,22.2,157.5,24.3,39.0,5.32,4.57,11.82
Rice,Maharashtra,1020.8,35.8,124.4,34.7,42.7,6.86,6.83,20.83
Rice,Maharashtra,1686.5,43.3,153.0,55.8,22.6,6.13,8.43,18.04
Wheat,West Bengal,368.7,15.0,137.0,21.9,42.4,6.44,2.77,16.32
Rice,Madhya Pradesh,824.7,29.0,176.0,56.2,37.9,6.52,4.1,20.3
Wheat,Bihar,657.5,30.2,115.2,66.5,38.4,7.24,4.64,17.7
Wheat,Punjab,903.6,28.4,85.5,74.6,25.3,6.31,7.12,13.26
Rice,Madhya Pradesh,1138.8,21.0,57.8,87.6,38.6,7.03,2.05,17.75
Wheat,Maharashtra,887.3,26.4,135.7,35.8,40.2,7.69,8.67,16.04
Wheat,Uttar Pradesh,386.0,17.3,56.8,75.3,19.4,6.35,8.43,16.0
Wheat,Punjab,586.7,21.2,100.1,48.4,55.7,7.23,7.85,19.91
Rice,Punjab,1429.9,38.6,74.1,37.8,45.0,7.0,3.34,18.49
Wheat,Bihar,650.7,17.0,96.5,26.4,61.1,5.51,5.68,16.35
Wheat,Madhya Pradesh,654.5,24.5,140.7,78.5,41.6,5.71,6.96,16.67
Rice,Bihar,1116.1,30.3,139.6,60.4,40.1,5.18,2.95,23.79
Rice,Uttar Pradesh,2031.6,20.2,45.8,37.5,17.3,5.8,5.4,13.83
Wheat,Madhya Pradesh,294.9,21.5,138.6,56.5,32.1,5.26,7.97,16.75
Maize,Punjab,908.1,14.9,78.2,66.5,38.3,7.52,8.51,14.01
Wheat,Punjab,482.1,20.3,49.8,30.5,61.7,5.32,6.11,14.01
Wheat,Uttar Pradesh,732.9,26.7,166.1,79.9,35.1,7.15,5.09,13.12
Rice,Maharashtra,579.5,31.5,161.5,73.2,28.8,4.98,9.06,14.07
Rice,Punjab,1213.9,24.3,95.7,58.1,14.7,5.38,9.9,20.89
Rice,Uttar Pradesh,1217.0,29.5,74.1,65.8,28.8,5.31,6.07,22.29
Wheat,Madhya Pradesh,268.6,17.5,60.8,40.4,26.2,7.58,3.78,12.92
Maize,Madhya Pradesh,787.0,15.7,142.2,88.1,56.8,6.71,5.83,16.24
Wheat,Uttar Pradesh,311.3,14.6,103.3,87.1,43.9,7.1,0.59,16.76
Rice,West Bengal,1146.9,27.2,168.6,78.3,55.4,6.2,8.94,20.77
Wheat,Maharashtra,289.1,12.0,112.7,64.6,14.5,5.61,3.37,15.0
Wheat,West Bengal,836.5,27.2,49.7,43.7,25.2,7.19,5.78,11.62
Rice,Uttar Pradesh,860.9,30.5,68.0,81.1,56.0,6.91,8.84,17.03
Rice,Maharashtra,1211.0,26.4,72.4,33.4,52.9,7.03,1.83,19.41
Rice,Maharashtra,728.5,20.2,163.0,61.8,32.3,5.69,4.6,15.27
Wheat,Bihar,825.4,18.3,114.3,74.6,32.9,7.14,1.23,17.89
Wheat,West Bengal,198.9,21.5,64.4,64.1,64.5,7.93,9.29,14.47
Wheat,West Bengal,635.4,29.1,103.6,75.9,62.7,7.61,4.45,16.36
Wheat,West Bengal,431.5,23.1,159.0,30.2,21.2,7.08,3.28,15.07
Rice,Punjab,1492.6,22.5,55.1,88.5,44.5,5.7,6.1,20.62
Rice,Punjab,723.1,19.1,103.7,34.4,49.7,5.56,4.77,16.27
Wheat,West Bengal,793.1,19.6,175.7,34.2,23.4,7.9,8.97,10.95
Wheat,Bihar,770.1,23.7,163.2,90.6,24.3,7.29,4.93,14.2
Wheat,Bihar,663.4,22.7,131.0,33.4,39.2,7.05,3.35,20.13
Wheat,Uttar Pradesh,254.3,16.8,147.1,80.1,31.7,5.29,6.82,13.76
Maize,West Bengal,360.1,27.2,181.5,76.1,64.2,6.42,3.19,15.41
Maize,Punjab,423.6,24.1,87.5,73.8,52.7,5.73,1.87,17.93
Maize,Maharashtra,510.4,24.9,69.0,31.0,51.4,5.84,7.68,18.41
Wheat,West Bengal,542.9,18.2,174.3,65.0,41.7,6.98,6.48,17.27
Wheat,Punjab,183.5,26.5,170.6,48.0,17.7,7.63,8.51,13.73
Maize,Maharashtra,661.8,15.0,75.8,50.9,37.7,4.68,5.87,13.76
Maize,Maharashtra,973.7,31.1,91.4,48.8,60.4,7.03,6.18,13.02
Rice,Madhya Pradesh,689.5,19.3,143.4,40.5,50.9,4.84,8.69,14.16
Rice,West Bengal,1485.9,24.0,42.8,48.7,41.4,5.81,9.64,20.55
Wheat,Punjab,210.3,20.4,100.2,29.4,36.7,7.11,9.32,17.13
Wheat,Uttar Pradesh,511.0,15.8,73.5,60.7,53.1,7.73,4.28,17.76
Rice,Uttar Pradesh,1611.2,24.9,84.2,35.9,54.0,7.05,5.18,16.69
Wheat,Bihar,364.8,13.1,61.1,86.5,48.9,5.26,9.85,13.84
Maize,West Bengal,857.1,22.6,50.1,80.4,50.8,5.35,9.56,20.5
Maize,Uttar Pradesh,509.7,23.7,113.5,57.6,38.8,5.7,3.56,22.79
Wheat,West Bengal,313.4,27.2,50.8,55.0,23.8,6.11,3.13,13.66
Maize,Bihar,418.7,32.9,91.6,63.1,33.2,5.09,3.85,16.13
Maize,Bihar,210.0,24.0,62.4,88.4,15.5,5.8,2.76,14.61
Rice,Bihar,1162.9,35.5,166.3,41.2,63.7,6.77,6.68,18.65
Rice,Punjab,659.0,34.1,95.8,85.5,30.3,6.47,4.88,16.14
Rice,Maharashtra,1764.5,30.4,143.4,73.3,39.8,6.97,9.91,18.3
Wheat,Maharashtra,170.0,27.3,179.3,22.2,51.0,8.25,8.07,11.2
Rice,Bihar,1685.3,26.9,41.6,62.3,64.6,5.31,2.3,18.79
Wheat,West Bengal,161.8,14.8,135.6,40.1,21.2,5.36,6.56,12.34
Wheat,Punjab,644.1,27.3,58.3,63.7,53.5,6.08,1.26,17.83
Maize,Bihar,928.9,26.0,104.7,50.9,16.3,7.44,6.12,16.42
Rice,Bihar,2004.6,21.9,62.0,25.2,34.0,4.8,4.25,12.69
Wheat,Maharashtra,714.2,15.4,140.6,21.1,60.3,8.09,0.52,14.13
Maize,Maharashtra,420.9,33.1,70.5,33.9,56.3,6.08,5.16,13.54
Maize,Punjab,739.4,22.7,62.9,84.9,41.1,6.25,2.3,21.34
Rice,West Bengal,1686.0,32.7,142.2,32.6,51.3,7.05,3.38,15.71
Maize,Uttar Pradesh,274.0,21.0,172.1,30.0,26.3,5.33,2.73,12.65
Rice,Bihar,1848.6,30.5,106.1,20.4,54.1,5.49,8.85,20.5
Maize,Madhya Pradesh,736.2,31.6,71.6,84.8,15.9,5.74,6.71,14.54
Maize,Punjab,206.9,29.8,95.9,24.4,57.2,6.03,7.38,13.49
Rice,Maharashtra,1166.9,28.1,149.0,83.4,47.3,4.98,3.31,18.35
Wheat,Madhya Pradesh,625.9,23.3,119.1,64.8,63.4,8.24,5.44,18.4
Maize,Madhya Pradesh,543.7,15.1,85.5,50.0,31.0,7.56,2.06,16.19
Wheat,Punjab,177.9,27.4,154.2,83.0,18.6,5.44,8.79,10.06
Maize,West Bengal,202.5,32.1,176.4,74.3,54.2,5.68,5.94,11.92
Maize,Punjab,532.9,19.2,51.1,65.8,24.2,4.87,8.22,17.46
Wheat,Maharashtra,372.0,14.3,178.4,75.5,61.4,7.81,9.11,13.43
Maize,Punjab,338.7,32.5,88.3,78.8,45.9,4.97,7.36,13.9
Rice,West Bengal,1248.0,25.1,65.5,82.4,50.2,6.09,8.85,22.83
Maize,West Bengal,938.9,31.2,74.2,79.0,14.3,6.86,4.92,12.94
Maize,Punjab,376.6,17.2,92.9,34.4,25.8,6.29,8.01,12.79
Maize,Uttar Pradesh,866.9,23.9,138.4,26.7,36.3,4.95,4.89,17.27
Wheat,Madhya Pradesh,370.8,15.1,89.0,83.8,36.0,6.42,4.17,18.91
Rice,Bihar,1815.3,22.1,100.1,59.2,39.5,6.37,6.7,21.14
Maize,Maharashtra,973.2,27.3,155.2,76.6,58.1,6.56,3.02,17.18
Maize,Madhya Pradesh,933.1,27.5,134.0,82.4,39.2,5.89,3.41,16.37
Wheat,Punjab,306.4,21.7,105.4,87.6,18.5,6.92,7.34,15.47
Rice,Punjab,1141.9,35.6,90.7,24.8,34.5,5.32,3.59,20.26
Maize,Maharashtra,491.2,25.9,152.8,41.0,55.7,5.75,1.55,17.52
Wheat,West Bengal,201.9,30.5,48.6,84.1,45.2,7.99,5.87,11.55
Rice,Maharashtra,896.9,43.0,140.6,63.3,29.7,5.42,0.88,18.05
Rice,Uttar Pradesh,1495.8,19.5,60.2,83.9,59.1,7.03,4.56,16.06
Rice,Madhya Pradesh,1420.4,21.1,98.1,32.6,28.3,4.99,2.52,18.64
Wheat,Punjab,572.7,29.3,100.2,66.3,25.7,7.62,3.06,16.12
Rice,Uttar Pradesh,948.2,35.8,175.9,61.7,47.9,5.76,7.68,21.96
Wheat,Punjab,282.7,21.9,109.5,80.4,51.2,7.86,7.48,15.23
Maize,Bihar,638.3,23.0,68.3,65.9,55.5,5.56,3.47,16.75
Rice,Madhya Pradesh,884.9,35.7,43.6,38.6,37.6,4.75,6.37,18.15
Maize,Uttar Pradesh,688.9,21.9,101.1,76.7,56.4,5.25,9.07,17.78
Wheat,Bihar,457.8,14.2,123.5,30.2,25.4,6.87,3.06,16.95
Wheat,Uttar Pradesh,800.8,24.3,85.8,59.2,18.2,6.82,4.6,14.12
Maize,Uttar Pradesh,913.6,30.0,159.0,41.0,37.4,7.19,9.45,12.84
Wheat,Madhya Pradesh,469.6,28.9,107.4,52.5,47.4,7.05,0.61,19.78
Wheat,West Bengal,843.5,19.3,40.1,58.6,46.0,7.84,5.64,15.31
Rice,Bihar,1942.1,18.7,73.1,40.7,39.0,6.13,5.19,13.71
Maize,Punjab,881.4,32.3,119.8,46.1,17.6,5.48,6.37,14.9
Rice,Madhya Pradesh,839.5,39.7,62.8,76.1,42.3,5.61,1.88,15.15
Maize,Bihar,846.0,29.3,89.8,73.4,61.5,5.53,1.16,16.35
Maize,Uttar Pradesh,1009.5,30.3,72.7,33.9,23.1,5.46,1.28,11.34
Maize,Uttar Pradesh,586.2,28.7,107.5,82.6,26.2,6.44,8.71,18.69
Maize,Maharashtra,983.7,22.0,66.1,84.1,47.5,7.53,8.84,15.0
Rice,Madhya Pradesh,1335.5,19.6,160.7,63.6,45.4,5.71,5.93,18.39
Rice,Uttar Pradesh,620.6,41.0,62.2,84.6,25.0,7.14,6.25,11.74
Maize,West Bengal,862.6,32.2,163.6,80.1,21.7,6.34,3.73,14.91
Maize,Bihar,672.5,20.3,115.8,32.8,55.7,6.32,2.51,18.65
Maize,Madhya Pradesh,423.4,28.3,83.2,29.9,34.9,6.31,9.67,15.07
Wheat,Uttar Pradesh,302.8,27.2,93.9,83.0,32.1,7.75,5.67,14.13
Wheat,Maharashtra,692.4,19.1,166.7,88.0,54.4,6.85,8.34,13.99
Maize,Madhya Pradesh,797.7,31.8,45.5,54.0,61.7,5.83,0.84,16.11
Rice,West Bengal,1434.6,34.6,153.5,70.4,54.4,5.04,6.94,19.85
Rice,West Bengal,411.5,42.6,163.3,40.6,64.9,5.46,4.86,13.6
Maize,Punjab,426.0,30.3,162.3,77.3,15.6,6.37,8.41,15.06
Rice,Uttar Pradesh,1635.9,40.2,60.3,40.5,23.9,4.74,5.76,13.51
Maize,Uttar Pradesh,759.6,33.2,72.5,62.5,60.7,6.54,5.98,14.47
Maize,West Bengal,334.4,16.4,172.7,97.7,34.7,5.95,8.58,11.45
Maize,West Bengal,791.4,14.9,103.7,45.4,40.1,7.55,3.54,16.9
Rice,Bihar,794.8,42.5,119.4,83.7,28.2,4.74,7.87,14.07
Wheat,Punjab,506.9,26.7,74.1,34.2,38.2,5.26,2.68,15.75
Maize,Punjab,651.2,15.0,103.2,26.3,34.6,6.63,1.7,18.18
Maize,Bihar,434.2,15.3,129.1,82.5,25.8,7.07,7.74,15.77
Rice,Maharashtra,664.4,32.1,155.5,31.4,24.6,4.68,5.48,14.94
Rice,Bihar,1284.4,28.2,53.4,83.2,34.1,6.36,1.92,18.9
Wheat,Uttar Pradesh,882.9,13.6,112.5,37.6,51.6,7.55,4.27,15.58
Wheat,Bihar,679.5,11.7,129.9,43.7,56.5,7.61,8.04,16.61
Rice,Punjab,534.7,42.6,100.5,44.9,32.2,5.61,9.48,18.72
Rice,Punjab,854.3,41.2,160.5,50.1,60.4,4.97,0.77,15.33
Wheat,Uttar Pradesh,900.0,25.4,126.4,54.2,50.3,5.5,3.6,16.13
Wheat,Punjab,449.2,26.9,180.6,57.4,37.0,6.18,9.75,16.08
Rice,Bihar,1099.8,22.4,147.4,42.8,44.0,5.95,8.84,19.48
Wheat,Bihar,186.5,25.2,179.8,38.3,37.6,6.24,4.21,13.53
Wheat,West Bengal,366.8,28.9,44.7,50.0,33.3,6.79,5.83,17.0
Wheat,Punjab,191.5,11.9,141.8,65.1,48.7,5.83,9.86,16.05
Rice,West Bengal,1000.8,27.6,109.5,75.8,14.3,6.98,6.64,20.01
Wheat,Punjab,331.8,29.9,95.2,61.6,29.4,7.31,1.46,15.8
Rice,Madhya Pradesh,584.7,23.4,152.6,80.2,64.7,6.84,8.95,14.95
Maize,Maharashtra,720.8,25.4,115.4,64.4,14.9,4.82,5.36,19.21
Wheat,Madhya Pradesh,750.2,23.3,112.0,74.9,41.8,8.06,8.27,16.75
Wheat,Uttar Pradesh,357.9,12.6,87.1,86.8,33.4,7.55,4.89,13.85
Rice,Bihar,903.3,32.1,49.9,32.1,45.8,5.43,2.54,19.34
Wheat,West Bengal,368.8,13.4,144.4,51.6,62.1,7.19,5.55,16.9
Wheat,Bihar,374.9,21.2,136.8,26.6,60.9,7.36,1.42,19.03
Maize,West Bengal,450.8,17.3,91.0,48.3,35.5,6.56,6.23,15.84
Wheat,Uttar Pradesh,702.2,31.1,102.2,50.4,28.4,7.07,5.12,16.75
Wheat,Punjab,333.3,23.1,55.9,66.5,55.8,6.1,1.28,15.96
Maize,Madhya Pradesh,622.1,22.0,136.7,83.6,26.1,5.26,4.49,23.12
Wheat,Maharashtra,343.2,27.2,70.5,84.3,50.0,5.27,8.09,12.78
Maize,Bihar,843.5,29.1,135.6,57.6,22.8,7.06,8.78,19.7
Wheat,Maharashtra,564.8,29.5,125.0,40.6,23.9,7.26,7.83,15.46
Rice,Madhya Pradesh,479.7,22.1,46.9,33.6,14.2,5.92,5.52,13.41
Wheat,Bihar,528.5,20.1,117.5,27.9,21.8,6.77,3.12,19.58
Wheat,Bihar,516.3,21.8,73.7,32.6,19.8,5.32,5.33,14.04
Rice,Madhya Pradesh,1985.7,27.8,86.8,52.0,43.0,5.82,6.76,18.23
Wheat,Punjab,441.8,19.4,173.9,65.0,27.7,7.12,9.54,18.06
Maize,Maharashtra,338.5,14.9,118.9,72.0,41.1,5.93,5.53,17.43
Maize,Uttar Pradesh,562.1,19.6,153.4,42.0,56.1,5.62,9.9,15.82
Wheat,West Bengal,341.9,13.7,45.1,67.7,58.6,6.09,4.58,15.17
Rice,Bihar,929.7,29.4,101.6,84.5,39.0,6.7,2.64,20.03
Wheat,Maharashtra,431.6,20.8,135.1,65.5,32.2,7.32,3.25,18.93
Wheat,Uttar Pradesh,523.1,27.2,149.7,33.4,50.1,7.06,6.92,15.46
Maize,Bihar,606.6,27.2,83.2,95.4,35.5,5.71,9.27,18.05
Rice,Bihar,1419.0,40.5,67.9,42.0,53.6,7.08,5.26,16.29
Maize,Uttar Pradesh,439.2,24.6,150.4,91.9,33.5,7.08,2.59,18.82
Rice,Punjab,2069.6,33.4,100.3,46.3,35.3,4.97,8.05,18.99
Rice,Uttar Pradesh,1061.4,41.2,131.2,54.7,20.7,6.91,5.69,20.63
Wheat,Bihar,659.0,14.6,97.6,80.3,41.9,7.92,2.71,17.19
Rice,Uttar Pradesh,1167.9,39.8,43.4,79.2,39.4,6.34,4.05,18.59
Rice,Punjab,1513.7,23.0,179.1,27.0,56.3,6.15,2.83,19.84
Wheat,West Bengal,523.0,19.5,68.0,83.6,63.7,5.26,8.06,13.8
Maize,Punjab,779.4,29.6,173.7,52.4,34.4,5.17,9.85,16.39
Rice,West Bengal,1821.4,42.0,72.1,57.3,61.3,7.05,1.71,12.41
Maize,Bihar,1099.7,16.9,181.9,81.6,46.1,5.7,8.74,12.49
Rice,West Bengal,1538.1,38.1,51.4,21.6,19.8,5.65,4.93,16.99
Rice,Madhya Pradesh,616.3,30.6,146.0,53.0,14.9,5.13,6.09,16.68
Wheat,Maharashtra,608.6,21.7,170.0,82.1,51.1,7.88,1.58,14.47
Maize,Maharashtra,827.9,29.0,98.8,69.7,52.0,7.36,6.58,16.7
Maize,Madhya Pradesh,320.2,17.6,129.3,36.2,20.4,6.7,6.38,14.16
Rice,Maharashtra,1529.8,39.7,181.0,49.8,55.5,6.52,4.8,20.15
Wheat,Bihar,648.8,23.2,47.7,26.8,31.9,7.75,8.76,14.79
Rice,Bihar,978.6,40.5,78.9,31.2,29.6,4.76,3.17,15.5
Maize,West Bengal,695.6,19.2,125.3,91.2,47.5,4.82,6.15,17.48
Maize,Punjab,464.7,27.9,64.9,32.4,21.9,6.28,8.52,17.27
Maize,Madhya Pradesh,894.2,24.3,112.3,40.8,15.6,7.12,8.63,17.65
Rice,Madhya Pradesh,645.1,33.6,73.0,67.3,31.9,6.87,8.28,16.72
Rice,West Bengal,744.1,31.7,108.4,60.6,16.5,5.68,6.04,20.16
Rice,Punjab,1299.3,24.7,77.5,62.2,54.7,6.6,8.75,20.28
Rice,Maharashtra,788.2,42.0,121.1,50.0,42.6,5.52,3.24,20.23
Maize,West Bengal,771.5,23.0,156.5,24.3,56.2,4.86,8.77,17.57
Maize,Bihar,695.6,27.3,140.0,72.6,29.3,5.34,1.36,21.32
Maize,Punjab,620.7,28.4,130.1,78.3,53.1,7.54,5.74,20.24
Rice,Punjab,1599.8,40.4,133.5,73.5,22.8,6.85,3.12,18.16
Wheat,Uttar Pradesh,369.2,13.7,151.8,24.3,63.4,8.02,1.63,12.78
Rice,Maharashtra,426.3,17.8,93.0,64.0,23.2,5.99,7.37,17.57
Maize,West Bengal,529.4,28.3,61.7,65.6,23.4,6.09,4.59,17.32
Wheat,West Bengal,354.5,15.7,180.5,81.7,51.6,5.53,0.79,14.53
Wheat,Punjab,387.3,27.7,129.5,27.1,44.7,8.17,3.43,17.13
Maize,Bihar,875.4,17.1,102.9,32.9,31.7,7.44,7.02,15.55
Rice,Maharashtra,1799.7,27.9,144.9,51.3,18.7,5.77,5.32,19.67
Maize,Maharashtra,792.6,22.1,67.2,25.4,61.0,6.36,6.65,16.86
Rice,Uttar Pradesh,486.6,20.4,94.6,24.3,49.6,5.19,3.37,16.06
Maize,Madhya Pradesh,384.0,18.1,175.2,85.9,41.0,6.67,6.67,14.25
Maize,Madhya Pradesh,314.2,28.2,125.4,62.8,28.0,7.05,8.29,17.32
Maize,Uttar Pradesh,1006.1,29.2,158.6,82.4,40.1,6.35,4.47,14.13
Rice,Madhya Pradesh,541.9,39.2,173.4,67.3,63.2,6.99,2.35,13.99
Rice,West Bengal,744.0,25.5,122.2,32.6,57.7,6.55,7.33,17.75
Rice,Bihar,552.2,26.9,71.8,85.1,58.9,6.7,7.28,13.9
Wheat,Punjab,734.2,28.6,170.1,26.0,51.0,5.74,7.9,12.68
Rice,Maharashtra,1508.7,27.9,153.9,86.5,62.8,5.73,3.01,19.75
Maize,Uttar Pradesh,224.2,24.1,45.6,24.3,44.8,5.17,5.82,12.84
Rice,Madhya Pradesh,1923.7,18.2,114.1,42.7,25.5,5.84,8.5,15.67
Maize,Madhya Pradesh,717.2,23.7,56.9,45.5,54.1,5.45,4.54,17.14
Rice,West Bengal,1590.0,37.2,136.0,73.0,24.6,5.91,6.09,20.7
Maize,Uttar Pradesh,748.2,25.3,72.1,65.5,64.0,6.02,8.81,18.27
Wheat,Uttar Pradesh,265.2,25.2,63.9,40.7,31.2,6.53,7.17,12.78
Wheat,Maharashtra,398.8,28.5,111.8,57.8,50.8,6.92,1.16,19.4
Maize,West Bengal,1082.4,21.5,53.9,82.1,50.3,5.4,3.55,15.7
Wheat,Punjab,690.2,24.3,134.5,51.1,46.6,6.9,2.77,19.38
Wheat,Bihar,908.8,14.1,175.8,81.4,64.3,7.51,8.64,12.74
Maize,Punjab,591.5,17.7,53.2,50.2,60.9,7.52,5.85,15.49
Rice,Bihar,412.5,38.2,134.4,70.1,53.8,5.81,5.9,20.57
Rice,Bihar,463.4,38.6,54.4,41.9,42.8,4.78,1.25,12.96
Maize,Punjab,606.7,28.9,170.4,58.4,27.4,5.07,9.39,18.22
Maize,Uttar Pradesh,897.5,29.4,138.9,45.8,37.9,5.98,8.26,14.22
Maize,Uttar Pradesh,856.3,28.9,98.8,73.3,38.7,5.68,6.89,16.75
Wheat,Punjab,250.6,23.2,123.0,58.2,38.7,7.19,8.59,16.95
Wheat,Punjab,555.3,12.2,88.8,90.0,54.5,7.5,1.78,16.42
Wheat,West Bengal,854.8,28.9,160.6,36.3,41.1,7.42,9.77,11.81
Maize,Bihar,560.5,30.6,110.1,35.0,27.1,6.09,0.87,16.77
Maize,West Bengal,524.6,21.0,71.9,59.1,20.0,7.4,1.16,17.85
Wheat,West Bengal,434.5,22.5,89.9,75.7,22.8,5.78,0.87,15.35
Rice,Uttar Pradesh,1155.4,26.5,93.0,29.5,29.1,4.89,4.56,20.44
Maize,Punjab,1114.0,17.4,85.9,62.8,62.2,5.0,8.04,13.03
Rice,Bihar,1845.9,29.2,72.4,73.9,42.3,4.73,3.51,15.97
Wheat,Madhya Pradesh,168.9,15.1,93.5,56.0,31.4,7.14,2.65,15.98
Rice,Punjab,1441.8,34.7,157.6,49.9,42.0,6.11,3.46,22.55
Maize,West Bengal,874.8,28.6,149.7,87.2,16.0,5.5,2.68,16.16
Rice,West Bengal,452.4,29.0,70.5,49.0,57.5,5.25,1.05,15.9
Rice,Madhya Pradesh,1053.2,21.3,118.5,71.8,32.1,5.08,2.65,21.69
Rice,Madhya Pradesh,2012.7,27.5,164.4,90.1,58.6,5.09,8.29,13.4
Wheat,Bihar,330.6,18.9,123.2,59.8,23.0,5.43,2.61,16.53
Rice,Bihar,768.3,38.6,115.9,39.6,15.5,6.69,2.18,16.64
Maize,Punjab,462.9,18.6,62.3,41.7,24.5,7.36,0.69,13.09
Rice,West Bengal,568.2,37.3,165.1,39.7,24.3,5.13,5.46,12.35
Wheat,Uttar Pradesh,362.5,22.7,180.2,40.6,62.4,6.14,7.19,14.92
Rice,Bihar,842.3,28.5,147.6,78.7,42.6,5.63,3.07,18.3
Rice,Uttar Pradesh,1085.3,32.2,142.2,56.1,60.3,5.71,6.65,22.3
Maize,Madhya Pradesh,378.3,15.9,41.1,81.5,37.1,4.81,9.42,13.3
Maize,Punjab,665.4,25.6,117.6,99.0,15.8,5.15,4.13,19.2
Maize,Madhya Pradesh,629.2,16.1,167.0,31.3,63.8,4.77,7.43,13.81
Rice,Bihar,418.7,42.4,57.6,47.2,58.9,4.94,5.09,11.5
Maize,West Bengal,295.2,19.1,108.9,42.8,47.6,5.79,7.99,15.79
Maize,Bihar,836.7,25.9,73.7,86.8,58.5,6.19,3.28,16.6
Maize,Maharashtra,1010.1,33.4,176.5,92.3,35.1,5.5,3.54,12.7
Wheat,Madhya Pradesh,305.5,25.3,57.9,39.9,59.8,7.43,9.33,12.99
Rice,Uttar Pradesh,1304.2,22.4,180.4,78.1,51.8,5.84,1.95,19.99
Maize,Maharashtra,1006.0,27.7,113.8,48.0,60.8,7.36,4.29,15.32
Maize,Maharashtra,1114.7,19.3,145.4,58.6,33.2,6.89,9.58,16.29
Wheat,Maharashtra,370.6,30.1,82.9,38.1,63.6,5.37,2.03,11.47
Maize,Maharashtra,960.1,33.4,116.8,53.9,54.4,5.26,3.55,13.59
Maize,Uttar Pradesh,223.8,28.8,123.0,35.0,27.3,6.52,5.42,14.26
Maize,Bihar,646.4,33.0,160.4,95.3,52.9,6.5,5.56,14.06
Maize,Uttar Pradesh,703.2,26.3,133.2,91.1,47.6,5.02,9.45,21.05
Maize,West Bengal,897.8,26.2,113.3,85.6,15.6,5.62,6.46,15.85
Rice,Bihar,1898.7,34.6,85.8,84.3,29.2,5.36,8.92,15.9
Maize,Maharashtra,752.7,23.0,81.8,29.2,62.3,5.94,5.21,17.16
Rice,Madhya Pradesh,408.1,39.9,127.9,31.6,53.4,6.79,2.92,15.22
Rice,Maharashtra,1608.5,24.9,117.1,57.4,26.6,5.54,9.45,21.83
Wheat,West Bengal,879.3,13.9,72.0,82.8,35.4,6.27,7.67,13.05
Rice,Punjab,723.2,40.7,148.3,37.1,21.7,5.46,4.28,13.21
Wheat,Bihar,544.2,30.0,92.0,22.9,52.8,6.93,8.36,15.62
Maize,Bihar,973.3,22.4,131.3,68.2,58.2,5.15,1.43,15.25
Wheat,Punjab,358.4,18.7,113.9,52.5,58.8,7.97,3.51,18.15
Rice,Bihar,1148.0,25.3,165.5,22.6,46.3,6.92,9.78,19.88
Wheat,Madhya Pradesh,350.5,30.2,180.9,77.6,16.8,7.4,2.2,11.89
Wheat,Punjab,780.0,30.9,160.5,64.9,21.3,5.62,5.0,11.41
Wheat,Bihar,293.5,30.6,176.4,50.9,31.8,7.24,8.37,11.82
Wheat,Punjab,810.9,24.9,65.2,89.2,62.7,5.81,6.65,11.83
Wheat,Madhya Pradesh,405.3,17.6,81.0,78.0,16.3,6.23,7.26,16.07
Rice,Punjab,1662.9,23.7,157.8,58.8,52.8,5.84,5.24,20.19
Rice,Madhya Pradesh,1491.1,32.8,68.6,69.7,48.5,4.82,8.87,21.41
Maize,Bihar,1046.0,32.9,131.0,38.8,32.8,5.6,7.96,13.92
Wheat,Bihar,677.9,16.8,52.4,54.8,18.7,6.72,7.4,13.21
Wheat,Bihar,278.7,24.9,169.4,74.2,53.7,7.81,7.88,12.45
Rice,Uttar Pradesh,579.9,30.7,67.3,65.0,23.7,4.98,9.71,14.3
Maize,Bihar,963.0,31.2,170.9,83.6,40.9,7.51,2.49,13.07
Maize,Punjab,731.1,20.8,127.9,67.6,54.7,6.65,5.22,21.54
Wheat,Uttar Pradesh,291.4,16.8,180.6,54.2,30.2,7.1,5.21,15.11
Wheat,Maharashtra,709.3,25.8,154.2,59.5,24.9,5.37,4.48,15.95
Maize,Madhya Pradesh,835.4,30.7,48.5,99.1,16.2,7.64,6.56,12.16
Maize,Maharashtra,964.7,20.2,163.1,67.2,16.3,6.71,5.25,15.12
Wheat,Maharashtra,515.2,25.9,180.9,39.6,30.5,6.12,7.75,14.93
Wheat,Maharashtra,546.5,29.7,77.4,70.8,62.9,6.24,4.18,12.86
Maize,Madhya Pradesh,364.5,22.1,164.0,91.0,58.5,5.52,6.37,14.01
Wheat,Madhya Pradesh,338.8,26.2,160.6,42.8,28.0,5.94,0.98,14.1
Rice,Bihar,536.5,24.4,180.0,34.8,24.1,6.09,5.23,15.76
Wheat,Punjab,547.2,20.4,171.2,38.9,31.0,7.18,8.92,17.22
Rice,West Bengal,2037.5,38.0,163.1,28.1,51.4,5.76,5.75,15.03
Rice,Maharashtra,847.9,26.1,75.1,87.9,23.7,5.13,4.73,15.59
Wheat,Bihar,814.8,15.3,167.0,48.2,44.2,6.13,5.51,13.97
Rice,Punjab,1930.0,27.8,101.0,89.9,19.8,6.42,8.58,17.33
Rice,West Bengal,1353.0,30.1,136.3,67.4,30.2,5.53,6.06,25.69
Rice,Punjab,1456.1,33.9,50.1,42.5,58.5,6.12,4.41,20.96
Maize,Maharashtra,867.2,29.1,166.2,81.2,48.4,7.53,5.61,13.71
Maize,West Bengal,786.2,32.5,40.1,96.1,39.4,6.51,4.78,15.45
Maize,Bihar,502.7,20.9,104.6,43.4,61.0,7.24,9.92,19.75
Rice,West Bengal,1190.8,42.6,79.6,88.1,59.3,5.38,8.26,16.49
Maize,Punjab,973.2,20.7,96.1,91.4,18.4,5.57,5.55,14.47
Maize,Bihar,891.1,16.8,161.0,38.4,34.1,7.6,6.0,12.62
Wheat,Maharashtra,490.5,28.3,91.5,55.8,15.1,5.81,4.9,16.69
Maize,Maharashtra,540.6,26.5,71.8,43.9,45.6,6.14,9.66,18.13
Maize,Punjab,769.3,28.0,89.6,98.3,57.6,6.44,1.07,17.12
Wheat,Uttar Pradesh,705.4,27.7,57.7,74.0,30.7,7.83,4.02,13.95
Maize,Bihar,694.0,29.3,165.4,49.6,41.9,6.64,8.5,17.07
Wheat,Punjab,655.5,22.7,165.7,53.6,23.1,5.78,8.54,16.11
Wheat,Punjab,287.1,31.0,181.8,71.1,45.2,7.55,9.02,12.8
Wheat,Bihar,766.9,22.6,181.1,32.7,17.7,7.32,3.29,12.91
Wheat,West Bengal,617.6,15.3,53.2,81.5,26.5,7.91,8.84,14.48
Rice,Bihar,1607.0,34.2,145.6,57.7,38.3,5.79,6.58,23.88
Rice,Bihar,684.0,19.9,173.1,88.4,45.4,5.61,8.42,13.62
Rice,Maharashtra,575.4,34.2,152.5,38.8,51.0,5.1,3.21,14.14
Rice,Punjab,1180.6,34.2,152.2,37.1,58.1,5.37,7.87,20.59
Maize,Bihar,430.6,19.6,181.2,60.7,20.1,7.65,2.81,16.18
Wheat,Madhya Pradesh,171.1,25.4,51.3,44.0,53.9,7.46,6.58,13.68
Rice,Punjab,939.1,35.9,156.4,35.8,40.9,4.78,2.54,18.83
Rice,Uttar Pradesh,1744.1,33.0,60.8,73.1,32.1,4.71,3.17,15.17
Maize,Uttar Pradesh,903.0,25.9,181.6,44.0,46.7,5.65,4.85,15.21
Wheat,Punjab,908.0,15.5,178.2,66.4,60.1,8.15,5.89,12.96
Maize,Bihar,645.3,15.8,62.7,100.0,39.2,7.16,2.46,16.84
Maize,Uttar Pradesh,372.0,29.8,83.3,27.6,64.7,5.59,1.26,11.95
Rice,West Bengal,571.3,33.0,76.5,58.5,30.3,5.38,5.95,16.31
Rice,Bihar,553.3,28.9,90.1,71.2,43.5,5.89,5.13,19.41
Rice,West Bengal,600.3,23.8,111.4,55.9,43.7,5.65,7.98,21.91
Maize,Uttar Pradesh,907.1,21.1,177.1,60.4,33.4,7.53,7.49,18.0
Wheat,Bihar,898.5,30.8,85.9,37.1,25.7,6.63,2.63,10.7
Rice,Uttar Pradesh,517.2,37.6,151.6,69.4,16.7,6.47,4.76,17.29
Rice,Punjab,1406.4,18.2,41.1,80.5,16.4,5.97,6.34,17.09
Rice,Madhya Pradesh,706.5,33.6,72.4,62.0,33.3,5.14,1.81,15.69
Maize,Punjab,508.5,33.0,85.9,73.7,40.5,7.51,2.05,18.19
Wheat,Punjab,832.2,21.4,79.3,32.2,27.9,7.56,3.58,11.73
Maize,Punjab,382.0,16.3,82.8,53.0,50.2,5.77,0.53,14.53
Maize,Bihar,314.3,19.8,68.7,25.1,28.1,7.69,3.7,10.95
Rice,Punjab,940.0,19.7,62.5,49.6,58.9,4.82,2.52,16.41
Rice,Punjab,1568.5,18.8,157.3,90.8,53.5,6.61,4.21,16.06
Maize,Punjab,1069.5,26.6,164.0,47.3,28.2,5.69,2.69,15.2
Maize,West Bengal,922.9,30.7,171.3,39.7,39.6,4.82,2.78,11.38
Rice,West Bengal,687.5,23.1,52.8,28.5,17.6,7.12,1.2,12.54
Rice,West Bengal,616.6,35.9,108.8,85.2,55.1,4.93,1.77,15.38
Wheat,Punjab,688.8,17.4,73.7,29.1,19.7,7.07,1.53,15.14
Wheat,Bihar,310.0,21.8,42.1,56.1,34.1,7.87,7.36,15.31
Wheat,West Bengal,331.8,22.6,40.2,39.6,47.5,6.53,1.88,15.17
Maize,Punjab,984.1,33.4,49.9,33.7,44.0,4.94,6.5,12.47
Rice,Bihar,567.3,33.5,114.7,52.3,49.3,4.72,3.07,18.78
Maize,Madhya Pradesh,872.5,26.4,94.7,88.6,61.3,6.98,9.51,17.99
Maize,Punjab,723.3,22.3,148.8,44.7,52.7,5.52,5.06,19.1
Rice,Punjab,2057.4,37.7,173.0,77.3,47.2,5.38,3.61,13.66
Rice,Maharashtra,654.9,34.1,163.4,66.9,15.8,7.08,1.83,13.27
Wheat,Maharashtra,475.2,18.6,166.7,58.1,60.1,7.39,3.84,16.82
Maize,Punjab,345.8,15.4,83.4,51.0,55.4,5.99,7.5,11.28
Wheat,Uttar Pradesh,636.8,13.5,53.6,38.4,45.0,8.03,7.9,15.69
Maize,Madhya Pradesh,1116.1,20.1,48.3,26.3,30.3,6.18,1.24,13.05
Maize,Bihar,585.6,32.8,162.1,60.1,15.3,7.62,0.6,15.67
Wheat,Punjab,682.3,29.8,128.3,26.8,64.5,8.17,4.95,12.91
Wheat,Uttar Pradesh,732.8,20.0,175.7,23.7,59.6,5.29,4.22,14.04
Wheat,Bihar,631.8,15.7,126.3,48.5,35.5,8.18,3.15,17.87
Maize,Uttar Pradesh,616.0,16.9,61.7,80.5,62.8,6.59,1.47,16.05
Wheat,Bihar,231.4,25.5,126.3,43.2,17.9,8.02,3.49,13.74
Rice,Punjab,1746.4,38.1,102.3,53.8,64.7,6.34,8.24,17.81
Maize,Madhya Pradesh,250.8,33.1,159.8,48.3,20.6,6.9,2.6,10.09
Maize,Uttar Pradesh,717.8,21.5,164.3,66.3,35.0,6.94,9.1,20.63
Rice,West Bengal,894.6,31.0,76.3,86.5,22.4,4.79,4.63,15.85
Wheat,Punjab,207.1,19.3,108.5,85.4,30.1,5.63,0.57,15.96
Wheat,Uttar Pradesh,253.7,23.2,157.5,29.6,60.4,6.23,4.54,13.02
Wheat,Maharashtra,198.9,17.6,110.3,41.5,51.9,7.38,9.73,16.53
Maize,West Bengal,581.3,15.5,165.0,76.0,57.0,6.02,2.63,17.21
Wheat,Punjab,700.5,16.6,113.6,43.6,53.5,5.81,9.44,18.33
Maize,Uttar Pradesh,534.3,24.6,69.2,79.5,26.9,5.73,1.15,17.5
Wheat,Uttar Pradesh,508.7,30.4,167.1,33.6,28.0,6.25,8.86,13.44
Wheat,Maharashtra,398.2,22.4,136.8,20.9,53.7,5.65,3.32,18.1
Maize,Punjab,682.0,19.8,72.8,60.6,48.0,6.21,2.98,16.14
Maize,Madhya Pradesh,647.7,15.7,104.8,88.0,44.2,7.46,7.31,17.44
Wheat,Uttar Pradesh,745.9,21.9,105.2,64.0,51.3,5.53,8.6,15.9
Rice,Punjab,1955.4,26.7,75.5,72.7,62.4,5.81,0.58,14.97
Wheat,Uttar Pradesh,216.1,12.7,79.3,75.2,30.5,6.58,6.74,13.03
Maize,West Bengal,601.3,19.4,148.2,31.0,41.9,5.55,2.46,18.56
Maize,Madhya Pradesh,894.8,27.4,77.6,51.5,30.0,7.68,2.25,13.57
Rice,Bihar,998.1,29.6,63.7,33.4,25.7,6.61,7.83,18.74
Rice,Bihar,1720.4,30.8,89.3,71.6,49.0,5.44,9.84,20.77
Rice,Bihar,1360.6,24.6,62.8,75.0,39.3,6.0,9.67,20.35
Maize,Bihar,898.1,24.7,67.0,93.0,52.0,7.19,2.74,15.79
Rice,Madhya Pradesh,1304.3,18.9,56.0,20.5,59.1,6.34,3.33,17.65
Maize,West Bengal,716.4,20.5,132.2,91.1,56.6,5.07,4.73,18.12
Wheat,Madhya Pradesh,842.7,17.5,71.9,74.8,25.8,8.24,4.49,12.61
Wheat,Bihar,647.7,17.0,54.8,68.8,30.3,7.83,9.23,17.29
Maize,Bihar,509.6,15.7,55.9,77.2,61.9,5.91,7.89,14.28
Maize,Punjab,760.6,15.8,181.6,59.8,24.5,6.0,6.23,16.12
Maize,Maharashtra,941.5,33.2,172.4,32.9,28.7,6.97,8.16,11.97
Maize,Madhya Pradesh,597.5,29.0,47.1,26.9,58.6,5.01,7.35,16.04
Rice,Punjab,1674.9,19.1,149.3,39.1,33.9,4.89,8.47,15.84
Wheat,Punjab,810.8,26.7,76.1,75.6,35.5,7.54,3.57,12.8
Wheat,West Bengal,557.5,14.5,79.4,24.6,46.8,7.17,8.47,17.5
Maize,West Bengal,896.8,27.2,160.4,86.2,38.7,4.89,9.14,15.05
Maize,West Bengal,911.1,30.3,109.4,33.6,31.0,7.67,7.3,14.23
Rice,Uttar Pradesh,643.7,38.8,140.1,57.7,33.1,6.33,8.22,19.18
Maize,Uttar Pradesh,1003.2,21.5,170.5,24.8,37.8,5.12,3.5,14.32
Wheat,Bihar,259.3,22.1,96.8,89.6,55.2,5.56,4.46,14.87
Rice,Madhya Pradesh,544.2,26.5,141.9,77.3,64.9,5.41,4.38,18.28
Maize,Madhya Pradesh,642.4,30.6,78.3,58.9,14.9,6.82,3.87,15.2
Maize,Madhya Pradesh,719.4,24.0,176.6,33.3,53.8,5.06,7.46,16.47
Rice,Maharashtra,1021.2,28.7,172.5,79.4,37.7,7.08,6.6,20.66
Rice,Maharashtra,1812.5,37.7,102.2,33.9,58.0,4.82,4.29,15.22
Wheat,Bihar,601.9,28.3,126.8,33.9,60.6,5.78,2.07,14.28
Maize,Punjab,696.9,30.4,146.6,29.1,31.3,6.25,8.13,16.1
Maize,West Bengal,682.8,31.1,43.3,100.6,49.7,4.72,7.2,16.72
Rice,Bihar,884.3,26.8,85.7,83.8,42.7,6.95,3.35,19.07
Rice,West Bengal,616.7,28.3,57.8,89.6,35.6,6.0,2.66,17.04
Maize,West Bengal,1087.2,24.5,73.4,37.9,62.4,7.37,7.54,12.55
Maize,Bihar,541.5,31.6,152.3,32.8,39.2,6.5,5.07,18.22
Maize,Uttar Pradesh,273.8,25.3,108.2,77.5,25.2,5.75,6.77,18.3
Rice,Maharashtra,598.0,33.7,126.2,89.0,33.1,4.84,5.61,16.85
Wheat,Maharashtra,469.1,13.9,69.9,80.1,32.5,7.67,5.0,14.21
Rice,West Bengal,1185.9,40.8,173.7,35.6,19.1,6.62,9.95,16.36
Maize,Madhya Pradesh,674.0,17.9,139.0,43.8,27.5,5.06,6.39,17.72
Wheat,Madhya Pradesh,662.6,16.5,178.5,60.5,40.4,6.37,1.8,17.9
Rice,West Bengal,1091.7,42.2,175.0,49.2,48.0,5.81,7.66,19.44
Rice,Maharashtra,988.3,29.8,64.1,76.6,27.3,5.05,2.84,18.61
Rice,Uttar Pradesh,699.6,19.5,123.7,21.7,23.2,6.21,6.77,15.7
Maize,West Bengal,272.9,22.1,134.7,70.0,47.2,6.08,3.04,18.49
Maize,Maharashtra,252.1,30.7,139.5,38.0,48.7,5.67,1.04,13.86
Maize,Punjab,867.1,20.5,47.7,37.5,46.1,4.95,5.6,16.2
Rice,Madhya Pradesh,619.8,24.5,174.4,47.2,47.1,7.09,5.73,15.23
Wheat,Punjab,498.3,12.7,57.9,40.0,53.1,7.4,2.45,14.59
Wheat,Uttar Pradesh,568.6,22.8,99.6,30.3,27.9,5.14,3.53,15.23
Rice,Bihar,1400.9,35.9,75.6,59.3,30.2,6.05,6.76,22.3
Maize,West Bengal,946.0,28.4,155.8,51.3,21.1,7.37,8.9,11.28
Wheat,Bihar,590.2,18.6,157.7,68.4,24.9,6.8,7.98,16.84
Rice,Bihar,1670.0,27.3,66.8,33.9,34.9,5.86,8.69,17.48
Wheat,Uttar Pradesh,568.8,28.1,157.0,32.7,46.0,7.83,8.13,16.0
Maize,Uttar Pradesh,941.3,33.0,81.3,98.5,55.7,7.36,1.07,11.67
Wheat,Uttar Pradesh,272.1,17.5,165.8,53.8,52.0,6.63,4.92,12.87
Rice,Maharashtra,1250.5,37.7,78.0,61.9,58.1,5.46,5.09,18.89
Maize,Madhya Pradesh,1052.1,28.5,148.0,42.7,51.5,5.9,1.06,15.0
Rice,Punjab,1479.2,36.8,74.5,82.2,33.4,5.35,2.35,18.32
Maize,Uttar Pradesh,449.8,27.5,81.8,48.8,33.2,7.64,4.87,14.42
Rice,Maharashtra,1251.1,43.5,61.3,79.0,16.6,5.86,8.92,17.72
Rice,Bihar,551.0,39.2,173.9,80.8,31.0,4.91,3.16,11.75
Maize,Maharashtra,778.4,26.9,98.4,26.9,32.7,6.21,9.53,18.06
Wheat,West Bengal,483.9,13.0,93.0,86.3,62.4,7.52,2.44,17.38
Wheat,Punjab,697.8,25.4,130.3,80.5,34.0,7.77,2.24,18.07
Rice,Madhya Pradesh,898.7,23.7,102.8,65.1,36.1,5.28,7.11,21.32
Wheat,Maharashtra,546.9,25.2,142.6,24.7,25.4,5.14,5.34,15.74
Maize,Uttar Pradesh,1106.8,23.8,153.3,47.0,56.3,7.17,3.04,14.36
Rice,Bihar,1917.5,34.7,118.3,85.3,47.4,6.3,8.52,19.35
Wheat,West Bengal,319.4,18.5,177.4,21.4,50.4,8.18,1.49,13.03
Maize,Bihar,922.2,18.7,137.3,64.3,30.3,5.37,7.88,16.86
Rice,Punjab,1476.3,22.5,170.6,27.3,14.4,6.79,7.19,15.7
Maize,West Bengal,792.2,18.5,83.5,66.6,59.0,7.09,3.37,16.89
Rice,Madhya Pradesh,1323.7,37.6,114.0,81.6,19.6,5.62,5.31,20.31
Maize,Punjab,915.5,30.5,65.0,97.8,45.7,6.29,6.88,13.48
Wheat,West Bengal,334.9,25.8,54.8,21.9,15.4,5.64,7.1,12.22
Rice,West Bengal,438.4,24.3,128.3,31.1,43.8,5.57,5.58,18.82
Rice,Bihar,1739.2,41.0,136.6,24.8,23.3,7.04,9.7,13.87
Wheat,Uttar Pradesh,468.4,27.9,146.1,57.7,26.7,7.6,8.73,17.02
Rice,Bihar,625.6,42.0,169.7,76.6,20.0,6.1,2.28,14.42
Rice,Bihar,1470.3,42.1,153.3,60.3,21.0,6.07,1.09,20.49
Maize,Madhya Pradesh,835.8,29.7,92.5,32.4,32.0,6.58,7.72,15.66
Rice,Punjab,1953.5,41.8,82.3,79.7,41.3,6.71,5.71,13.85
Maize,Bihar,309.0,27.6,60.6,70.8,20.4,6.81,3.21,13.96
Maize,Uttar Pradesh,842.0,21.0,59.9,99.8,58.6,5.05,3.95,15.45
Maize,Madhya Pradesh,975.0,32.7,178.5,42.1,39.3,7.37,7.03,12.79
Maize,Madhya Pradesh,666.2,32.3,46.8,97.5,63.8,5.15,4.59,16.01
Wheat,West Bengal,743.0,22.9,56.6,21.5,41.0,7.35,1.53,13.85
Wheat,West Bengal,394.4,23.6,93.8,69.5,31.8,5.1,1.39,17.03
Maize,Madhya Pradesh,473.8,26.9,69.8,79.7,35.9,5.27,2.78,18.59
Maize,West Bengal,413.6,17.6,89.1,92.7,62.3,5.17,2.7,12.58
Wheat,Maharashtra,490.5,29.3,122.1,55.3,48.8,5.85,1.11,19.95
Wheat,Maharashtra,881.9,16.1,60.6,30.9,59.7,5.42,3.73,11.28
Rice,Bihar,1561.1,42.5,157.7,39.7,16.7,7.0,9.4,14.8
Wheat,Punjab,507.5,29.8,63.3,33.0,44.4,5.95,2.26,15.52
Wheat,Bihar,541.6,21.9,170.3,88.8,43.8,7.61,6.53,17.21
Rice,Uttar Pradesh,1304.0,22.9,143.1,34.0,28.9,5.93,5.12,21.19
Wheat,Bihar,471.0,17.5,127.4,22.7,22.6,5.76,4.68,18.74
Wheat,Maharashtra,692.8,22.9,133.3,66.3,61.5,8.14,4.55,14.39
Maize,Punjab,539.7,15.7,84.2,96.8,29.3,5.35,9.44,15.34
Wheat,Madhya Pradesh,211.8,25.1,62.0,68.1,20.3,6.61,4.17,16.29
Wheat,Bihar,165.0,25.0,77.2,58.5,19.7,5.17,0.64,12.39
Maize,Uttar Pradesh,652.4,28.0,108.0,102.0,50.1,6.01,4.34,21.15
Maize,West Bengal,833.3,20.6,81.6,95.0,61.8,5.89,9.18,15.75
Maize,Punjab,470.1,24.0,157.4,94.0,25.3,5.7,8.45,15.7
Wheat,Madhya Pradesh,870.3,14.2,83.2,44.7,45.9,5.53,2.34,13.04
Maize,Bihar,216.3,17.9,41.4,55.7,42.3,5.16,6.58,12.26
Wheat,Punjab,224.6,24.0,140.1,31.2,32.6,5.24,5.79,13.0
Rice,Punjab,1457.1,24.8,104.0,79.3,48.1,6.06,8.91,23.84
Rice,West Bengal,453.8,41.6,141.8,64.4,41.2,6.08,6.57,16.67
Maize,Punjab,258.7,15.6,142.2,45.1,33.6,6.3,3.54,15.1
Rice,Madhya Pradesh,484.2,20.9,130.6,34.9,25.5,6.6,3.22,15.04
Maize,West Bengal,988.6,28.2,120.0,44.9,37.3,5.27,7.32,16.75
Maize,Uttar Pradesh,596.9,16.3,60.9,29.3,48.5,5.45,1.42,14.46
Maize,Uttar Pradesh,483.1,29.3,60.4,86.3,47.7,7.22,9.91,15.11
Rice,Punjab,649.0,32.2,93.3,58.3,19.5,7.03,9.11,17.38
Wheat,Madhya Pradesh,694.4,20.2,70.2,23.2,56.8,7.67,2.04,15.86
Maize,Uttar Pradesh,776.8,15.0,115.7,64.2,18.9,6.93,2.74,18.95
Maize,Maharashtra,1115.8,21.5,90.2,100.9,47.4,7.5,6.42,16.65
Maize,Madhya Pradesh,282.4,21.4,52.8,24.6,16.6,6.47,1.3,15.34
Wheat,Uttar Pradesh,862.9,30.4,176.4,78.1,37.6,5.76,4.14,11.93
Wheat,Maharashtra,791.7,20.5,160.2,56.1,53.9,7.37,3.03,14.33
Wheat,West Bengal,745.3,11.3,161.0,49.7,51.6,5.23,8.99,12.34
Maize,Madhya Pradesh,384.8,29.2,129.0,24.8,62.5,6.02,2.71,16.69
Wheat,Punjab,618.4,15.8,61.6,69.4,58.3,7.94,8.49,16.36
Wheat,Madhya Pradesh,799.5,25.3,43.2,24.9,54.5,6.29,6.85,13.67
Maize,Maharashtra,782.0,23.5,48.6,46.1,61.1,6.44,3.76,14.39
Maize,Punjab,379.4,24.8,151.5,92.5,52.3,7.35,6.24,14.85
Maize,Bihar,250.3,15.6,157.3,36.2,23.1,7.53,6.31,11.03
Rice,Madhya Pradesh,2028.4,25.1,60.0,20.4,57.7,6.81,1.41,13.75
Wheat,Punjab,197.9,25.2,172.7,43.5,53.8,7.4,9.79,12.96
Maize,Maharashtra,356.9,28.9,179.1,64.2,16.2,5.38,2.52,13.91
Maize,Maharashtra,474.6,23.4,132.3,33.7,40.7,5.01,8.67,17.67
Wheat,Maharashtra,708.2,16.4,131.5,52.0,61.3,8.19,7.85,16.08
Maize,Madhya Pradesh,435.6,17.5,127.4,65.0,54.0,5.56,2.64,15.38
Rice,Maharashtra,1600.6,19.6,106.7,22.0,48.5,5.53,9.52,18.44
Rice,Uttar Pradesh,1885.2,22.8,140.3,74.2,29.0,5.92,2.62,18.08
Maize,Madhya Pradesh,590.8,23.7,137.8,86.1,18.0,5.91,7.81,22.86
Rice,Uttar Pradesh,1109.5,17.6,120.2,70.0,42.7,6.39,0.5,24.24
Wheat,Bihar,499.5,19.2,126.1,71.4,59.7,5.96,6.49,19.71
Rice,Uttar Pradesh,956.7,27.5,137.4,41.1,62.4,6.94,5.07,21.31
Rice,West Bengal,1105.6,35.2,79.4,20.2,31.6,6.42,4.23,21.33
Rice,Uttar Pradesh,750.1,28.1,130.3,60.9,50.9,6.75,4.39,19.75
Maize,Bihar,810.1,21.0,180.4,90.3,41.5,7.67,8.39,16.74
Wheat,Bihar,482.4,31.0,57.9,47.9,60.0,7.86,3.57,13.31
Wheat,Uttar Pradesh,651.2,14.5,41.6,38.2,36.2,5.82,5.38,15.35
Rice,Maharashtra,1581.2,40.1,58.8,63.6,18.8,6.47,1.3,15.82
Wheat,Bihar,707.7,30.2,71.5,87.7,30.6,6.86,7.17,12.92
Wheat,Maharashtra,909.4,16.7,80.8,59.4,57.6,6.54,2.86,11.22
Rice,Punjab,1991.5,43.2,73.6,23.5,21.8,4.83,2.35,11.65
Wheat,Bihar,765.5,28.0,47.0,50.4,57.2,6.24,7.11,13.22
Maize,Bihar,920.0,20.7,52.1,55.7,53.1,6.11,9.78,16.23
Maize,West Bengal,358.8,15.1,58.1,90.9,37.2,5.56,7.87,13.21
Wheat,Punjab,264.6,26.1,165.2,83.9,19.9,7.71,1.54,12.62
Wheat,Bihar,311.5,26.7,57.9,43.2,23.4,5.45,8.45,11.78
Wheat,Bihar,773.9,15.9,174.0,89.0,60.4,6.99,3.04,13.26
Wheat,Madhya Pradesh,248.5,31.2,76.9,83.6,45.1,7.35,5.83,10.38
Wheat,Punjab,245.8,23.4,120.6,67.5,48.2,8.12,3.79,17.13
Wheat,Maharashtra,768.2,27.6,120.4,35.5,63.5,8.08,6.39,13.75
Rice,Punjab,661.3,27.0,142.9,64.8,23.6,6.8,1.01,17.38
Wheat,Uttar Pradesh,808.7,29.7,140.3,34.1,24.0,7.96,5.32,12.36
Rice,Uttar Pradesh,1596.3,28.1,125.2,90.9,64.2,5.94,5.95,18.72
Rice,Maharashtra,976.4,34.0,54.2,25.1,15.3,6.94,3.46,19.02
Rice,West Bengal,916.5,40.5,43.4,57.0,37.6,6.38,2.05,18.18
Rice,Maharashtra,508.5,39.2,129.7,73.8,32.1,7.08,8.98,15.94
Rice,Punjab,734.5,27.3,126.0,75.5,32.6,6.22,5.08,18.65
Wheat,Uttar Pradesh,262.8,29.8,130.2,79.9,60.2,8.03,7.61,11.35
Wheat,Maharashtra,623.4,11.6,100.0,35.8,24.2,7.16,0.61,16.07
Wheat,Uttar Pradesh,580.4,30.1,46.6,51.9,32.4,5.44,9.53,13.59
Wheat,Uttar Pradesh,877.3,25.1,147.9,83.8,63.2,5.36,9.97,12.57
Rice,Maharashtra,1478.3,18.1,111.0,30.9,16.4,6.16,7.88,19.93
Wheat,Maharashtra,841.8,27.4,98.9,51.3,59.2,5.21,0.72,14.24
Maize,West Bengal,630.1,28.5,160.5,33.3,18.3,6.76,5.82,16.81
Rice,Madhya Pradesh,1903.0,36.1,64.6,26.5,23.4,7.1,4.86,13.13
Maize,Bihar,823.0,26.8,125.4,32.8,40.2,7.25,0.7,18.38
Wheat,Madhya Pradesh,362.2,24.0,101.0,50.2,22.1,8.13,2.63,16.86
Maize,West Bengal,540.1,32.6,130.7,64.8,38.9,7.03,3.57,20.54
Rice,Punjab,1340.7,43.4,179.1,43.9,38.6,4.92,5.46,17.42
Maize,Uttar Pradesh,472.9,22.8,57.4,45.7,53.9,6.81,4.32,17.95
Wheat,Uttar Pradesh,344.9,12.4,58.0,34.9,43.6,6.49,3.04,13.03
Maize,West Bengal,1056.5,20.6,122.0,93.1,40.7,6.95,7.62,15.77
Wheat,Punjab,682.7,30.8,86.7,36.5,15.5,6.19,6.23,13.83
Wheat,Bihar,302.7,17.4,62.7,44.6,26.4,5.29,8.77,12.1
Wheat,Maharashtra,639.5,21.3,177.1,53.5,54.0,7.17,5.42,16.58
Rice,Maharashtra,1252.9,33.7,167.6,69.7,41.2,6.27,6.26,21.37
Wheat,Uttar Pradesh,807.1,27.6,137.3,47.0,22.5,7.1,5.22,13.23
Rice,Maharashtra,902.2,30.5,44.1,38.0,33.1,6.14,4.97,19.35
Maize,Bihar,615.3,21.2,164.9,65.4,28.8,6.26,1.57,19.86
Wheat,Madhya Pradesh,807.1,16.4,176.5,86.1,36.1,5.82,8.43,12.54
Wheat,Maharashtra,254.1,12.1,159.7,75.3,28.7,5.47,2.85,11.91
Rice,Uttar Pradesh,1298.4,26.8,113.5,23.1,47.1,6.07,6.97,21.36
Wheat,Punjab,340.0,27.2,141.1,29.9,61.3,7.79,7.91,14.37
Wheat,Maharashtra,790.8,22.5,80.2,43.3,43.2,6.43,2.02,13.85
Wheat,Madhya Pradesh,818.1,29.6,166.0,62.7,63.8,7.86,1.49,10.52
Maize,Uttar Pradesh,804.5,31.2,90.8,40.8,49.3,5.09,8.48,15.68
Maize,Punjab,689.5,21.5,127.6,57.6,38.2,6.73,4.85,22.69
Rice,Bihar,840.5,33.1,82.6,46.3,34.3,5.5,6.56,17.86
Rice,Maharashtra,635.1,35.8,178.3,22.0,51.8,6.97,1.21,13.85
Maize,Maharashtra,617.1,24.2,161.2,33.7,42.1,4.77,1.39,18.97
Rice,Madhya Pradesh,1787.1,40.1,156.3,52.3,20.1,6.08,1.99,13.7
Rice,Madhya Pradesh,1438.4,25.3,89.1,76.1,58.8,5.47,5.93,21.54
Rice,Punjab,1786.7,27.6,149.7,77.0,19.7,6.18,9.61,17.94
Maize,Bihar,656.5,14.8,115.1,44.7,35.8,6.71,8.19,17.14
Rice,Punjab,764.0,20.1,69.4,50.0,23.0,5.01,8.67,12.89
Wheat,Punjab,180.2,27.7,170.9,64.7,45.9,5.57,5.9,13.11
Maize,Punjab,604.2,30.0,124.0,98.7,38.0,6.12,0.91,17.63
Rice,Punjab,1411.2,18.6,53.6,89.0,47.9,4.76,8.04,16.65
Wheat,Punjab,615.0,18.8,50.1,31.3,44.9,8.02,0.74,15.44
Maize,Madhya Pradesh,576.4,32.2,65.7,38.8,32.0,4.86,1.21,14.15
Rice,Madhya Pradesh,441.2,42.2,55.4,29.0,21.5,7.1,6.37,10.07
Wheat,Maharashtra,709.4,16.9,40.9,62.8,44.6,7.08,3.05,17.23
Rice,Madhya Pradesh,1287.4,41.4,152.7,24.2,35.9,6.4,9.87,20.92
Maize,Punjab,1050.9,19.1,147.7,90.9,33.3,7.31,9.89,15.83
Wheat,Madhya Pradesh,693.8,23.1,157.7,35.6,46.3,6.33,7.57,16.0
Rice,Uttar Pradesh,1286.9,28.8,124.9,83.8,64.7,4.87,4.15,19.93
Rice,Bihar,478.1,43.6,75.2,42.0,26.7,5.34,5.75,13.01
Maize,Madhya Pradesh,296.8,18.8,132.6,34.2,62.1,5.36,1.34,15.08
Rice,Maharashtra,1302.2,43.1,66.5,41.4,15.6,5.64,2.4,18.3
Maize,Madhya Pradesh,206.4,29.2,102.3,41.8,48.0,6.03,3.48,16.31
Rice,Uttar Pradesh,1162.6,39.2,160.7,40.8,62.6,5.65,8.1,16.42
Wheat,Madhya Pradesh,570.3,28.0,111.9,24.2,20.5,6.28,3.56,14.67
Maize,Uttar Pradesh,608.3,28.7,51.5,64.5,15.8,7.01,2.5,15.07
Maize,West Bengal,510.9,30.2,56.7,36.7,64.6,5.97,4.88,15.63
Rice,Uttar Pradesh,842.9,41.4,83.9,89.2,26.3,6.46,5.95,14.66
Wheat,Bihar,469.9,17.5,154.2,66.5,24.2,7.02,1.84,16.66
Maize,Uttar Pradesh,606.5,15.5,159.4,88.2,26.1,5.71,5.37,15.6
Maize,West Bengal,502.1,15.2,92.9,78.0,63.1,6.91,1.62,18.07
Wheat,Maharashtra,425.0,28.5,78.9,39.6,59.8,7.72,1.5,12.53
Maize,Bihar,555.3,19.4,88.9,47.7,46.3,4.81,0.89,16.51
Rice,Bihar,957.5,19.9,43.6,34.4,52.6,7.13,9.32,15.12
Rice,Punjab,1205.4,18.5,78.8,90.6,60.8,5.21,3.45,14.25
Rice,West Bengal,1257.9,42.9,87.5,83.2,50.7,6.97,9.12,17.73
Rice,Uttar Pradesh,737.3,36.3,147.9,60.8,58.0,5.4,8.88,17.86
Rice,Madhya Pradesh,2046.8,23.6,85.7,65.8,15.2,6.09,8.18,17.68
Wheat,Madhya Pradesh,820.0,27.1,99.6,30.9,21.9,8.0,2.72,13.79
Maize,Punjab,573.6,17.1,97.8,46.5,48.6,6.7,9.4,17.76
Rice,Punjab,575.8,32.9,64.2,85.7,43.6,5.53,6.11,16.08
Maize,West Bengal,907.4,15.0,147.9,90.8,35.0,6.17,1.0,15.46
Maize,Punjab,296.8,21.0,144.9,73.1,44.6,6.75,6.64,19.59
Maize,Maharashtra,506.0,30.7,61.5,52.3,14.1,4.74,1.89,11.9
Rice,West Bengal,2039.8,29.7,46.7,25.9,33.9,5.31,2.11,16.18
Rice,Madhya Pradesh,933.5,24.7,58.6,51.2,29.5,5.59,2.74,19.16
Rice,Maharashtra,1917.7,21.4,111.5,42.6,59.3,5.14,2.59,14.29
Wheat,West Bengal,371.0,22.1,149.4,85.4,43.9,5.16,6.97,16.22
Rice,Madhya Pradesh,1546.6,35.8,114.6,30.5,60.9,4.96,6.48,18.06
Rice,Uttar Pradesh,1073.9,42.7,71.3,27.5,40.8,6.92,3.46,16.75
Maize,Bihar,903.4,26.2,142.6,70.8,17.1,5.29,7.8,17.73
Rice,Madhya Pradesh,1090.1,28.1,141.2,64.5,23.4,4.94,4.66,21.54
Wheat,Maharashtra,488.1,28.8,70.6,20.0,27.1,6.64,8.3,14.67
Rice,Punjab,1454.1,38.2,48.1,80.4,57.9,5.52,6.76,18.05
Rice,Punjab,1552.4,26.9,76.4,27.4,62.0,5.03,2.96,16.13
Wheat,West Bengal,776.9,23.6,93.8,25.7,17.4,5.89,3.35,13.33
Maize,Bihar,687.1,16.2,48.5,33.5,48.1,4.73,9.71,14.51
Rice,Punjab,737.3,36.6,142.2,38.6,45.8,6.19,8.48,19.07
Rice,Uttar Pradesh,574.6,36.9,166.0,85.8,47.7,5.16,1.31,13.19
Wheat,Punjab,885.8,28.0,61.3,63.6,54.4,7.52,5.14,12.82
Rice,Bihar,400.9,29.0,150.0,22.5,47.3,6.71,2.1,14.88
Rice,Madhya Pradesh,1680.4,34.8,132.4,84.2,61.3,6.15,4.46,18.18
Rice,Madhya Pradesh,817.1,23.0,123.5,36.5,17.3,6.57,4.08,17.18
Rice,Madhya Pradesh,1603.1,38.5,125.8,80.1,34.7,6.78,5.31,20.27
Maize,Punjab,976.8,29.3,135.3,27.8,56.6,6.1,1.43,15.26
Wheat,Madhya Pradesh,832.3,25.2,48.4,83.6,35.1,6.04,6.89,12.32
Maize,Maharashtra,457.3,20.4,127.0,68.9,34.8,6.59,6.61,20.41
Rice,Uttar Pradesh,852.5,30.7,101.3,58.7,57.3,5.23,0.76,20.23
Rice,Maharashtra,1755.4,43.1,95.5,30.6,20.9,6.15,5.7,14.76
Wheat,West Bengal,859.8,24.7,120.4,53.8,49.1,7.26,0.6,15.62
Maize,Punjab,879.4,27.8,79.3,34.4,16.2,6.15,2.34,14.91
Wheat,Madhya Pradesh,830.3,30.6,166.5,64.0,24.5,8.07,2.16,10.59
Maize,Uttar Pradesh,218.4,27.8,133.8,36.8,58.2,6.68,1.96,14.8
Maize,Maharashtra,283.9,29.1,75.3,34.6,64.1,4.76,0.8,10.08
Rice,Maharashtra,783.9,35.1,53.8,21.4,18.2,5.58,9.76,15.55
Wheat,West Bengal,222.7,10.9,143.0,32.2,23.6,6.43,3.01,13.39
Maize,Madhya Pradesh,498.9,16.3,93.7,88.3,62.2,7.62,2.46,16.04
Wheat,Punjab,294.6,21.6,100.7,76.6,16.1,7.05,7.25,15.33
Wheat,Bihar,346.4,27.5,106.3,53.6,53.3,6.31,2.77,17.9
Maize,West Bengal,934.9,20.2,46.4,58.0,29.2,6.66,4.03,15.05
Rice,Uttar Pradesh,1082.2,31.4,40.1,31.5,18.8,6.04,3.63,17.3
Rice,Uttar Pradesh,1239.0,29.8,176.6,52.0,23.2,5.21,1.4,19.91
Wheat,Maharashtra,701.3,12.7,132.4,28.6,17.9,7.28,8.43,15.12
Maize,Madhya Pradesh,443.3,24.2,134.7,82.7,44.4,5.03,4.6,20.73
Maize,Punjab,273.2,21.9,163.8,26.3,49.5,6.72,3.55,13.44
Wheat,Punjab,527.5,28.4,70.4,85.4,42.9,6.33,6.03,13.8
Wheat,Uttar Pradesh,440.2,22.6,70.2,71.9,25.7,7.75,3.81,16.34
Maize,Bihar,483.1,20.4,152.6,75.7,20.8,6.82,7.37,18.51
Rice,West Bengal,1278.9,37.0,143.8,75.6,43.1,4.93,9.09,20.09
Maize,West Bengal,398.6,18.8,112.4,29.5,26.1,7.08,4.91,16.4
Rice,West Bengal,554.0,23.4,102.2,87.1,33.3,6.58,5.63,18.26
Rice,Punjab,1700.2,40.5,168.0,89.9,64.1,7.03,1.18,12.29
Maize,Bihar,244.4,32.7,120.7,55.5,41.2,5.02,7.17,15.2
Maize,Maharashtra,764.5,30.5,50.8,44.4,18.7,6.2,9.66,16.11
Maize,West Bengal,921.5,26.2,78.8,47.5,51.3,5.54,0.95,14.63
Maize,Maharashtra,649.8,30.7,86.7,39.4,14.6,6.56,3.29,18.87
Wheat,Bihar,330.4,28.7,170.1,25.2,43.7,8.19,9.34,12.28
Maize,Uttar Pradesh,662.9,15.5,68.6,35.2,17.3,5.64,7.98,13.72
Maize,Maharashtra,743.8,25.8,132.7,99.3,39.1,4.91,5.05,20.11
Maize,Uttar Pradesh,283.0,20.1,74.5,96.0,59.6,6.42,7.48,14.73
Maize,Maharashtra,714.3,18.6,40.9,83.0,44.6,5.95,2.53,17.28
Maize,Uttar Pradesh,1045.0,30.6,168.8,74.8,33.2,6.96,1.53,13.56
Rice,Uttar Pradesh,1899.6,42.6,76.0,34.7,24.9,5.63,8.61,13.33
Wheat,Maharashtra,766.8,19.6,109.0,35.8,64.4,7.91,6.2,13.67
Wheat,Maharashtra,455.8,24.9,169.4,22.4,46.0,5.79,5.0,15.79
Maize,Madhya Pradesh,1075.6,26.3,164.1,30.7,37.6,5.22,9.16,13.23
Rice,Punjab,1404.8,33.8,137.5,84.3,29.0,6.31,5.82,23.68
Maize,Madhya Pradesh,603.6,24.0,120.9,92.6,44.1,7.64,7.4,19.72
Maize,West Bengal,1063.0,17.7,144.6,80.6,48.8,6.68,0.71,13.23
Wheat,Uttar Pradesh,420.4,28.2,168.0,73.7,48.2,7.67,7.22,13.95
Maize,Punjab,958.6,28.9,80.3,85.0,18.8,5.29,1.51,11.92
Maize,Punjab,604.0,23.3,169.7,46.1,34.4,6.82,8.36,18.05
Maize,Maharashtra,496.5,17.1,71.6,50.1,34.9,6.09,5.44,13.44
Maize,Bihar,1108.8,29.9,53.6,72.7,38.7,7.07,9.97,12.46
Rice,Punjab,1576.2,32.2,40.1,22.5,64.5,6.61,9.41,17.17
Rice,Maharashtra,1562.3,37.5,81.9,40.2,39.0,5.35,6.84,17.07
Wheat,West Bengal,193.3,10.6,43.0,52.1,45.8,6.62,6.93,13.47
Rice,Madhya Pradesh,430.9,33.1,72.8,82.0,26.9,6.19,5.76,15.23
Wheat,Bihar,190.3,13.5,105.7,31.2,40.5,8.01,2.4,15.87
Maize,Punjab,315.3,30.9,67.6,34.4,51.0,5.06,4.4,11.62
Maize,Maharashtra,857.1,19.7,148.0,98.2,18.0,6.32,5.63,15.61
Wheat,Punjab,881.9,24.2,99.3,58.5,60.6,7.22,8.13,17.15
Wheat,Maharashtra,566.5,13.8,95.2,29.5,32.5,6.36,1.57,17.1
Maize,Maharashtra,278.8,23.2,155.3,103.7,37.8,4.93,3.98,12.43
Rice,West Bengal,2094.4,18.7,97.0,43.0,62.4,6.1,8.16,14.7
Rice,West Bengal,430.3,20.4,157.8,76.6,25.9,5.99,6.26,15.89
Maize,West Bengal,1011.3,17.5,155.2,53.8,47.8,7.43,7.92,12.86
Wheat,Maharashtra,211.6,21.7,142.7,41.2,21.2,7.97,8.71,12.82
Rice,Maharashtra,1721.2,20.6,159.4,57.6,17.1,6.74,0.76,14.39
Wheat,Maharashtra,687.0,25.9,135.7,67.8,45.2,6.73,2.38,20.51
Wheat,Punjab,854.3,31.1,99.2,58.3,22.7,7.29,8.46,13.18
Maize,Punjab,983.1,20.9,81.3,77.5,65.0,5.07,7.16,14.54
Wheat,Bihar,697.6,16.8,166.8,52.4,22.4,7.79,9.46,15.69
Rice,Uttar Pradesh,1310.3,43.6,177.6,35.7,52.5,5.53,2.02,17.61
Wheat,Punjab,547.6,29.8,181.7,75.6,51.2,6.76,6.82,14.98
Rice,Maharashtra,1358.5,24.3,128.1,53.2,32.9,5.18,1.56,21.58
Wheat,Punjab,181.3,22.5,168.1,20.3,57.1,7.63,1.51,12.19
Maize,Punjab,812.9,25.9,77.7,96.0,39.6,5.57,2.92,16.86
Rice,West Bengal,1434.3,35.4,57.4,67.9,58.9,7.09,4.71,20.45
Rice,West Bengal,1221.0,29.5,94.9,45.7,34.0,4.9,1.24,22.14
Rice,Madhya Pradesh,732.3,29.0,103.1,35.3,42.8,5.04,5.34,19.72
Maize,Bihar,1054.2,16.8,159.2,30.2,61.4,6.56,2.08,11.64
Maize,West Bengal,621.7,31.8,96.0,81.8,25.1,5.99,5.53,18.96
Wheat,West Bengal,419.8,11.6,49.2,26.4,23.4,8.16,3.17,11.94
Wheat,Uttar Pradesh,842.6,16.8,160.2,26.8,48.6,6.18,6.76,13.5
Rice,Madhya Pradesh,683.3,18.7,102.4,75.0,47.2,6.41,4.33,19.18
Wheat,Maharashtra,265.0,23.7,166.0,65.7,59.7,8.25,3.91,11.84
Wheat,Madhya Pradesh,688.8,28.8,166.7,39.8,46.7,8.25,2.82,12.77
Maize,Maharashtra,278.9,30.5,79.2,94.0,42.2,5.14,7.52,11.12
Maize,Punjab,965.3,19.3,98.1,79.7,30.1,6.33,2.76,14.18
Wheat,Uttar Pradesh,377.8,19.1,168.2,40.5,21.8,6.08,7.71,17.34
Wheat,West Bengal,516.8,19.4,158.4,61.1,45.7,5.84,4.74,16.28
Wheat,Maharashtra,774.2,23.8,57.8,77.5,30.5,7.32,6.91,14.11
Maize,Bihar,268.6,30.0,59.6,38.1,43.9,7.57,5.89,10.4
Wheat,Uttar Pradesh,425.7,10.6,126.6,37.2,20.3,5.91,8.37,17.14
Maize,Uttar Pradesh,499.1,17.7,73.4,45.7,25.6,6.73,7.53,15.44
Rice,Uttar Pradesh,844.8,24.8,171.8,31.7,64.4,5.48,1.34,15.38
Wheat,Madhya Pradesh,581.3,26.1,144.4,71.5,53.7,5.33,5.34,16.77
Wheat,Punjab,653.0,24.7,67.5,70.3,29.9,8.25,7.45,15.2
Maize,Maharashtra,925.9,32.2,110.8,32.3,16.0,5.24,8.38,13.7
Wheat,Maharashtra,289.6,27.1,103.9,50.4,32.5,6.31,5.44,17.01
Rice,Maharashtra,640.8,21.5,137.6,23.4,28.6,5.02,4.69,14.72
Rice,Maharashtra,450.7,25.6,168.1,79.0,33.0,6.1,5.89,17.13
Rice,Punjab,635.3,18.9,140.0,52.2,56.8,4.86,8.11,15.44
Maize,Uttar Pradesh,980.9,22.7,162.6,84.8,29.0,6.84,7.54,14.51
Wheat,Uttar Pradesh,662.9,30.0,149.8,63.2,39.8,8.03,4.25,16.21
Rice,Uttar Pradesh,2098.1,23.5,158.0,31.3,64.0,5.23,4.51,15.22
Wheat,Maharashtra,664.2,13.8,101.4,81.0,18.8,7.2,6.32,15.13
Wheat,West Bengal,509.9,29.9,181.7,54.5,50.9,7.13,2.75,16.23
Wheat,Uttar Pradesh,260.5,25.4,179.4,51.0,19.0,6.21,4.16,13.04
Maize,Madhya Pradesh,372.4,14.8,177.8,26.2,31.4,6.6,4.02,11.07
Maize,Madhya Pradesh,788.4,33.3,154.3,100.7,23.7,7.68,3.4,14.47
Rice,Madhya Pradesh,672.1,31.4,118.5,65.6,35.8,5.94,2.22,17.55
Maize,Madhya Pradesh,250.7,16.7,81.8,91.4,60.4,5.25,7.28,10.17
Wheat,Punjab,507.9,24.7,176.6,41.2,52.8,5.17,1.49,15.11
Maize,Uttar Pradesh,822.5,24.6,157.4,102.5,33.3,7.43,7.88,16.11
Maize,Maharashtra,433.1,30.2,65.9,55.5,39.1,7.11,9.06,15.32
Wheat,Punjab,619.6,22.7,128.3,40.3,22.3,7.89,5.91,16.24
Maize,West Bengal,1072.6,25.4,168.4,33.4,46.7,7.22,7.98,14.22
Maize,Maharashtra,1032.3,30.4,59.5,31.8,39.5,6.25,7.46,13.14
Maize,Maharashtra,710.5,27.0,156.3,39.0,51.9,6.69,1.26,18.77
Rice,Madhya Pradesh,604.8,19.0,62.2,78.5,51.9,7.02,9.8,12.49
Maize,Madhya Pradesh,443.9,17.7,98.7,95.4,23.6,4.89,7.88,15.53
Rice,Punjab,2023.0,36.6,110.3,68.9,53.4,6.95,7.75,19.06
Wheat,Bihar,276.6,27.3,167.7,40.8,22.4,6.39,8.87,11.41
Maize,Maharashtra,514.5,23.0,51.3,85.7,19.7,5.69,6.11,17.79
Rice,Bihar,882.8,20.6,112.7,31.8,44.1,5.09,7.37,18.63
Rice,West Bengal,1319.5,25.0,167.4,36.7,30.6,6.92,5.53,15.44
Wheat,Madhya Pradesh,287.9,17.3,81.5,70.9,15.3,5.55,6.99,13.0
Maize,Maharashtra,498.8,28.8,111.7,52.3,21.5,5.45,6.58,19.27
Rice,West Bengal,2040.7,35.7,160.2,58.4,26.2,6.44,5.26,17.19
Maize,West Bengal,544.1,21.9,147.8,71.2,27.0,6.72,5.85,20.19
Maize,Maharashtra,1089.7,18.7,129.9,88.2,42.3,7.5,5.36,16.27
Rice,Bihar,1139.2,38.6,181.9,44.8,26.5,5.34,1.39,17.73
Rice,Maharashtra,1237.2,19.1,124.6,28.5,26.5,5.49,7.44,20.95
Wheat,West Bengal,420.5,23.2,78.0,60.4,14.4,6.28,8.35,17.81
Wheat,West Bengal,766.5,22.3,165.1,40.8,29.1,6.13,0.66,12.38
Rice,Madhya Pradesh,1359.9,25.9,40.2,81.5,35.9,5.89,1.29,21.66
Rice,Madhya Pradesh,1417.7,31.4,166.4,52.3,55.4,4.81,0.51,19.0
Rice,Uttar Pradesh,1948.4,38.2,122.8,58.4,46.9,5.39,8.21,18.28
Rice,Maharashtra,1794.9,23.8,91.2,32.5,37.8,5.65,2.79,17.35
Rice,Punjab,664.8,31.5,170.0,60.3,34.3,5.78,1.1,18.89
Wheat,Bihar,662.4,20.9,61.2,77.2,25.0,5.35,7.62,13.17
Rice,Punjab,1492.6,34.6,126.4,88.1,39.9,6.49,7.2,20.72
Wheat,West Bengal,601.3,10.7,165.5,71.7,54.2,5.33,7.23,14.39
Rice,West Bengal,442.9,24.7,62.3,89.3,26.0,5.17,6.4,14.25
Maize,Uttar Pradesh,697.4,22.2,128.1,55.4,42.4,5.87,9.07,22.56
Wheat,West Bengal,300.6,30.5,137.9,58.1,20.7,6.72,9.47,15.42
Rice,Madhya Pradesh,768.3,35.7,137.5,58.3,61.7,5.63,8.44,18.1
Wheat,Uttar Pradesh,287.3,16.8,173.7,54.6,27.3,5.64,0.68,14.8
Maize,Maharashtra,596.9,28.8,67.5,93.9,27.0,7.21,1.98,16.24
Wheat,Maharashtra,749.1,16.4,157.0,49.8,16.2,8.14,7.92,13.03
Wheat,Bihar,559.7,23.0,100.9,25.9,61.4,6.14,3.47,15.44
Rice,Madhya Pradesh,1070.5,32.3,55.0,36.0,56.9,5.66,4.24,18.17
Rice,West Bengal,861.7,22.3,86.6,54.1,43.3,6.75,7.81,18.64
Wheat,Maharashtra,207.5,18.0,114.9,74.1,31.1,5.97,7.92,16.89
Maize,Bihar,993.4,28.8,78.0,94.2,44.6,6.92,2.45,12.96
Maize,Uttar Pradesh,489.3,22.0,139.2,25.3,64.7,4.71,5.55,17.8
Wheat,Madhya Pradesh,382.3,19.0,45.8,24.7,56.8,5.42,8.33,13.67
Wheat,Maharashtra,554.6,14.6,142.9,24.9,40.4,5.27,5.52,17.4
Maize,Bihar,381.8,19.6,162.4,62.4,50.6,6.37,3.4,16.76
Wheat,Maharashtra,755.7,22.1,107.7,39.6,64.2,7.37,7.89,15.34
Rice,Uttar Pradesh,816.3,24.5,154.8,39.4,14.1,5.73,0.62,16.9
Rice,Uttar Pradesh,1713.8,31.3,174.9,50.1,54.2,5.09,3.22,15.63
Rice,Punjab,1481.9,32.5,60.6,87.2,29.4,6.11,7.15,20.72
Wheat,Madhya Pradesh,368.1,18.2,131.2,83.3,47.1,7.14,8.26,18.38
Maize,Maharashtra,489.0,23.3,132.4,78.4,63.9,6.17,2.87,21.63
Maize,West Bengal,1075.8,30.2,141.0,85.9,31.3,5.57,4.12,15.98
Wheat,Uttar Pradesh,237.3,29.8,109.3,83.4,45.7,7.22,7.84,14.43
Wheat,Uttar Pradesh,233.2,29.9,173.1,56.9,40.0,7.1,6.01,13.15
Maize,Punjab,576.2,26.9,73.0,86.2,54.9,5.93,2.49,17.85
Rice,West Bengal,721.2,36.2,165.0,68.4,49.0,5.91,6.55,18.23
Maize,West Bengal,1055.7,22.2,86.1,47.6,15.1,7.24,1.25,14.65
Wheat,Maharashtra,676.4,10.6,112.5,46.8,54.4,5.22,0.96,14.63
Rice,Bihar,819.4,41.7,113.6,38.4,57.1,4.76,5.82,15.72
Maize,West Bengal,344.6,17.2,156.7,92.6,25.9,6.06,6.06,11.79
Rice,Bihar,1633.7,19.3,138.2,64.8,52.6,6.72,7.32,17.75
Maize,Maharashtra,753.9,20.3,107.6,99.3,27.7,7.06,0.9,19.08
Rice,West Bengal,1685.0,26.7,95.3,37.5,57.8,5.41,2.5,18.8
Wheat,Punjab,183.7,20.6,85.6,26.9,29.8,7.14,3.25,13.95
Wheat,Maharashtra,881.3,31.1,105.1,48.5,18.0,7.55,2.05,14.11
Rice,Madhya Pradesh,1768.0,36.4,90.9,40.1,35.5,4.92,4.79,15.69
Rice,Uttar Pradesh,738.4,22.2,146.3,71.5,49.7,4.74,2.97,15.22
Wheat,Uttar Pradesh,800.7,24.8,107.7,39.6,21.0,5.22,8.6,13.54
Rice,West Bengal,2043.4,26.5,118.3,76.1,25.9,7.06,6.13,16.85
Maize,Punjab,654.8,31.7,158.9,63.0,48.0,6.62,1.37,17.06
Maize,Maharashtra,964.2,24.1,59.2,40.1,29.1,5.89,6.13,14.0
Rice,Bihar,1003.0,34.5,113.0,38.4,20.9,4.96,1.48,21.73
Wheat,Bihar,419.1,18.0,174.7,23.2,41.0,6.92,7.14,16.54
Wheat,Bihar,296.0,27.8,105.6,58.6,63.5,7.17,6.09,16.19
Rice,Punjab,1460.9,39.3,74.3,44.3,50.0,6.6,8.34,18.6
Rice,West Bengal,2095.0,27.5,132.1,88.7,16.9,6.96,5.89,15.17
Rice,West Bengal,582.6,20.5,128.0,28.7,57.5,6.54,8.29,16.15
Maize,Uttar Pradesh,599.4,14.9,97.1,61.6,37.8,6.84,9.92,19.74
Rice,Maharashtra,1149.0,35.6,158.4,55.2,24.5,6.12,4.82,21.08
Rice,West Bengal,630.6,34.8,54.9,21.9,30.3,5.15,9.89,16.0
Rice,West Bengal,676.8,42.4,133.1,36.4,24.6,6.96,6.27,15.5
Maize,Bihar,770.2,28.4,133.2,94.0,58.7,5.61,2.23,17.41
Wheat,Madhya Pradesh,293.4,11.7,82.1,31.1,49.5,5.12,9.82,12.14
Rice,Uttar Pradesh,1115.2,19.4,56.1,67.5,27.4,6.44,0.96,17.41
Rice,Bihar,1984.9,36.9,72.8,27.9,62.4,4.95,2.94,12.41
Maize,Madhya Pradesh,680.6,29.2,181.1,40.5,35.8,7.3,8.46,17.68
Maize,Uttar Pradesh,853.2,30.8,113.6,32.6,63.9,4.85,9.64,14.78
Maize,Madhya Pradesh,1097.7,31.9,81.8,33.7,17.3,5.27,2.61,11.21
Maize,Punjab,957.6,27.6,145.0,49.0,50.8,6.84,3.67,16.08
Wheat,Maharashtra,906.8,14.3,145.0,87.3,46.9,8.13,9.95,13.45
Maize,West Bengal,932.7,28.5,71.9,64.3,21.7,7.12,6.71,14.14
Wheat,Maharashtra,451.7,11.3,172.2,76.1,64.1,7.97,3.5,12.47
Wheat,Madhya Pradesh,169.5,21.7,148.0,88.8,59.5,5.37,9.81,13.18
Rice,Maharashtra,423.7,23.5,58.7,68.1,20.2,5.93,7.1,15.27
Maize,Maharashtra,862.1,15.5,174.2,58.2,56.8,5.35,3.71,14.34
Maize,Punjab,295.0,17.1,173.9,99.7,39.9,6.77,8.41,13.05
Maize,Uttar Pradesh,381.2,24.1,102.3,87.9,29.9,7.52,3.19,16.93
Maize,Uttar Pradesh,389.2,28.6,122.4,33.0,59.7,5.59,1.98,14.49
Rice,Punjab,1425.4,42.6,116.5,71.9,55.2,4.96,6.7,19.11
Maize,Madhya Pradesh,749.7,32.4,157.8,65.1,36.8,4.78,3.84,18.52
Rice,Uttar Pradesh,1857.4,32.2,174.1,26.7,58.1,4.81,3.72,12.16
Wheat,Uttar Pradesh,240.3,20.0,173.7,37.7,49.6,7.7,9.11,12.8
Maize,Punjab,869.4,28.1,61.0,30.0,33.2,5.4,3.4,15.43
Maize,Maharashtra,586.8,31.6,62.8,48.8,48.6,7.4,1.06,14.27
Rice,Punjab,1529.9,18.4,79.1,26.7,23.7,6.26,6.47,17.2
Maize,Madhya Pradesh,320.4,16.4,90.2,65.6,43.4,5.67,3.09,13.92
Maize,Punjab,909.0,31.5,170.4,43.3,20.6,4.82,7.34,10.51
Maize,Maharashtra,838.3,14.8,149.9,72.4,64.4,6.99,4.59,15.0
Wheat,Punjab,579.4,25.5,173.4,80.7,53.9,6.01,1.01,14.8
Maize,Punjab,790.1,33.5,61.9,60.2,60.2,6.87,6.33,16.22
Rice,Uttar Pradesh,1292.4,17.9,150.7,83.9,56.8,7.05,9.08,16.46
Maize,Bihar,926.2,23.2,52.4,61.8,50.4,6.11,9.7,16.38
Wheat,Bihar,801.7,17.4,176.4,68.6,52.6,8.09,2.77,13.91
Maize,Maharashtra,827.5,24.5,48.3,76.8,14.3,5.34,1.98,15.73
Wheat,Bihar,306.8,25.0,113.4,72.3,16.9,6.44,9.69,16.15
Wheat,Uttar Pradesh,537.1,18.3,105.4,23.3,42.0,7.2,1.54,19.75
Rice,Maharashtra,673.3,38.9,112.5,80.2,18.5,4.78,6.55,14.75
Maize,Maharashtra,1061.3,31.4,110.3,51.9,45.2,6.53,7.0,15.63
Rice,Punjab,1596.9,28.3,97.1,32.7,35.1,6.62,9.14,19.74
Wheat,West Bengal,779.0,11.0,47.8,34.1,47.4,7.07,3.59,11.43
Maize,Bihar,376.2,19.5,168.0,61.7,42.1,7.57,2.47,14.36
Wheat,Uttar Pradesh,435.3,27.5,139.6,37.7,50.3,6.3,5.8,15.67
Maize,West Bengal,947.2,28.5,164.7,65.3,38.8,4.79,5.57,13.39
Wheat,Punjab,298.0,27.0,162.8,89.3,55.2,5.49,9.5,12.32
Wheat,West Bengal,409.4,18.4,83.2,77.5,61.4,7.09,6.42,15.93
Maize,Maharashtra,263.0,26.3,59.5,84.6,51.2,6.94,1.11,14.61
Rice,Bihar,1939.5,28.3,162.8,56.1,40.4,4.69,6.55,18.14
Wheat,Madhya Pradesh,849.2,20.6,93.8,40.9,60.1,5.81,8.36,13.63
Maize,Maharashtra,403.1,15.0,157.0,81.8,22.2,6.16,2.02,13.18
Rice,Uttar Pradesh,1437.4,29.2,172.9,80.6,30.4,6.02,5.15,18.72
Maize,Punjab,279.8,30.1,176.2,31.5,51.3,7.28,1.54,10.55
Wheat,Maharashtra,416.0,11.3,51.6,23.8,15.2,5.58,8.64,12.69
Rice,Uttar Pradesh,1206.2,32.5,84.6,30.0,27.6,6.8,6.22,18.77
Rice,Punjab,2036.0,27.5,86.3,56.2,28.9,7.1,2.6,15.38
Wheat,West Bengal,682.5,15.2,153.7,78.2,29.1,5.18,4.6,14.15
Rice,Punjab,1244.4,32.4,55.4,42.2,22.8,5.63,9.75,18.23
Wheat,Maharashtra,821.6,23.1,156.9,24.9,32.2,6.75,5.98,13.13
Maize,West Bengal,525.8,23.6,68.0,79.2,22.4,4.69,4.68,17.71
Maize,Uttar Pradesh,540.2,16.7,63.6,63.6,18.1,6.85,8.05,15.68
Rice,Maharashtra,1520.8,38.0,148.1,42.5,24.5,5.8,5.69,17.23
Wheat,Punjab,278.8,24.9,79.8,32.5,39.7,7.46,3.06,11.84
Rice,Uttar Pradesh,546.0,23.9,41.6,90.1,25.3,6.69,2.1,14.18
Maize,Madhya Pradesh,321.4,23.7,79.9,46.2,46.6,5.92,8.52,13.55
Maize,Uttar Pradesh,774.3,20.5,56.8,78.6,27.7,5.64,5.94,18.47
Rice,Bihar,1369.8,38.7,165.9,65.1,34.6,5.06,4.31,21.18
Maize,Bihar,380.2,17.9,141.5,26.4,63.3,6.04,5.15,13.64
Rice,Uttar Pradesh,553.1,36.5,105.6,31.5,39.6,5.05,7.12,16.91
Maize,West Bengal,547.3,23.2,162.9,50.8,30.1,7.36,2.88,18.04
Wheat,Punjab,855.1,22.2,78.6,83.8,20.2,5.41,5.58,11.24
Wheat,Uttar Pradesh,725.9,29.6,142.3,37.4,36.0,6.32,0.84,13.24
Rice,Maharashtra,1145.2,19.6,153.4,82.8,35.1,5.28,0.92,19.95
Maize,Punjab,374.0,33.2,63.6,83.7,16.6,6.32,1.17,13.52
Rice,Maharashtra,1603.8,36.9,85.0,83.2,44.3,4.99,1.87,17.47
Rice,Uttar Pradesh,1787.3,40.1,63.8,20.5,31.1,6.65,8.47,12.99
Wheat,Bihar,725.3,18.8,180.2,71.2,56.1,8.07,0.88,13.94
Maize,Punjab,296.3,24.3,129.7,60.0,31.2,5.62,1.54,19.25
Maize,Madhya Pradesh,210.6,20.1,42.5,24.3,15.6,6.25,1.36,13.52
Wheat,Madhya Pradesh,278.9,16.3,77.4,58.9,34.4,7.88,7.33,14.75
Wheat,Maharashtra,350.8,14.3,82.2,37.5,42.4,6.07,7.42,14.84
Maize,Maharashtra,412.7,29.0,163.6,37.3,16.0,4.99,6.26,11.99
Maize,Punjab,566.7,17.3,49.7,96.5,39.1,4.95,7.31,15.11
Wheat,Bihar,746.7,14.9,174.6,56.4,53.9,7.71,5.05,15.47
Maize,Punjab,325.6,21.1,68.2,89.3,51.2,5.18,1.29,13.84
Wheat,Bihar,263.2,17.1,159.3,87.4,55.9,5.1,5.9,11.15
Wheat,Madhya Pradesh,836.3,16.5,162.8,88.0,57.2,6.9,7.36,11.22
Rice,Madhya Pradesh,1146.5,22.2,147.4,31.1,53.7,6.65,7.59,19.39
Wheat,Maharashtra,861.7,23.0,43.9,72.1,20.7,7.86,9.51,13.68
Wheat,Punjab,897.8,10.8,58.1,79.4,21.0,5.98,3.0,11.02
Wheat,West Bengal,334.5,20.8,87.6,75.3,19.4,7.8,7.79,15.8
Maize,Maharashtra,1060.6,19.7,53.1,100.6,42.6,7.6,8.73,13.4
Rice,Uttar Pradesh,510.7,24.4,180.6,23.2,57.8,4.87,5.53,13.61
Rice,Bihar,800.9,36.1,52.6,90.0,62.7,5.77,5.48,15.53
Wheat,Maharashtra,528.0,29.6,129.2,90.6,28.2,8.24,2.21,13.21
Rice,Uttar Pradesh,921.5,37.5,59.9,41.8,36.7,5.47,4.18,20.01
Rice,Maharashtra,1221.9,24.4,152.5,34.0,26.4,6.76,7.54,18.34
Maize,Uttar Pradesh,778.6,23.6,77.5,54.6,22.2,7.66,6.61,17.17
Rice,West Bengal,674.6,32.9,56.9,76.0,28.3,6.4,9.15,16.11
Wheat,Bihar,571.8,21.6,58.6,63.6,64.9,6.94,5.51,19.29
Maize,West Bengal,445.4,24.5,40.7,59.4,24.0,6.94,7.7,19.55
Wheat,West Bengal,866.5,15.0,102.8,27.7,20.4,6.36,7.15,15.15
Maize,Madhya Pradesh,510.8,23.3,94.9,89.5,57.3,5.89,4.75,17.55
Wheat,Madhya Pradesh,295.2,22.1,93.3,53.5,29.8,8.1,3.26,16.07
Wheat,Madhya Pradesh,429.6,18.8,82.5,20.2,26.0,6.16,3.48,16.37
Maize,Bihar,503.9,33.3,95.7,78.4,42.9,7.37,7.7,20.52
Wheat,West Bengal,889.8,10.8,86.3,75.0,32.4,8.0,2.58,11.75
Maize,Punjab,573.2,26.4,161.0,73.2,51.0,5.56,6.08,21.4
Wheat,West Bengal,578.1,19.5,101.1,54.9,37.1,6.48,2.5,20.15
Wheat,Maharashtra,525.3,18.1,145.8,33.6,44.6,7.41,3.06,18.4
Rice,Maharashtra,1469.6,33.2,47.7,20.4,16.9,4.99,2.95,17.27
Wheat,West Bengal,596.8,27.9,145.9,23.3,42.6,6.81,3.83,16.62
Maize,West Bengal,862.3,23.8,155.9,41.1,57.6,7.55,2.52,13.82
Wheat,Maharashtra,615.4,13.9,82.3,90.3,46.4,7.1,1.19,15.99
Maize,West Bengal,790.9,30.6,128.2,42.1,20.2,6.46,7.41,16.95
Maize,Uttar Pradesh,253.8,17.9,144.9,56.4,14.4,6.62,7.22,13.66
Wheat,Madhya Pradesh,658.7,16.3,131.1,88.3,15.2,7.07,1.99,17.52
Maize,Punjab,508.1,19.5,129.7,84.9,50.6,7.53,1.52,18.69
Rice,Maharashtra,1783.0,29.1,73.3,46.2,39.5,6.21,4.35,17.19
Wheat,Bihar,389.5,18.7,51.5,48.7,63.6,7.29,5.0,18.06
Maize,Punjab,406.7,30.1,127.5,28.5,32.3,7.27,3.14,14.53
Rice,Madhya Pradesh,898.6,25.5,77.1,52.7,47.3,5.94,2.41,22.42
Wheat,Punjab,232.4,15.7,81.7,70.9,48.4,7.45,1.09,16.05
Maize,Bihar,518.9,17.7,133.1,75.3,20.2,5.37,3.97,19.48
Maize,Madhya Pradesh,597.2,18.9,114.0,77.8,32.3,5.53,2.57,21.75
Maize,Madhya Pradesh,352.7,28.7,95.1,70.0,25.0,6.35,4.5,16.2
Wheat,Uttar Pradesh,734.7,14.8,72.8,83.1,58.6,7.21,2.06,14.72
Maize,Uttar Pradesh,354.2,28.5,115.2,56.5,23.9,7.53,2.14,15.83
Wheat,Maharashtra,480.8,24.0,105.4,36.9,37.7,7.78,2.46,16.13
Maize,Bihar,855.8,27.2,69.6,96.1,49.1,5.69,4.37,16.95
Rice,Madhya Pradesh,2067.4,19.3,59.6,76.1,27.8,6.87,6.8,11.41
Rice,Punjab,991.7,39.9,82.4,61.9,34.2,5.36,8.92,18.56
Wheat,West Bengal,851.0,26.7,55.3,37.3,37.2,8.13,1.54,12.37
Rice,Maharashtra,1182.3,26.6,139.2,89.6,35.7,5.65,4.57,20.14
Wheat,Punjab,466.1,12.9,133.8,62.0,47.0,7.02,0.66,19.67
Wheat,Uttar Pradesh,600.1,20.8,70.6,54.8,14.7,8.25,3.66,15.96
Maize,Punjab,447.1,20.2,162.0,40.3,55.8,7.27,4.91,15.75
Maize,Maharashtra,242.3,29.8,70.8,49.3,37.2,6.84,2.05,12.49
Maize,Madhya Pradesh,779.3,17.3,140.5,96.2,40.6,7.56,4.66,15.34
Wheat,Maharashtra,881.8,28.0,159.5,34.1,27.7,6.98,6.73,12.36
Wheat,West Bengal,742.5,20.5,99.5,21.8,51.1,7.53,3.53,16.09
Wheat,West Bengal,779.3,25.9,124.0,51.2,52.6,7.43,1.8,17.1
Maize,Bihar,494.0,23.9,120.4,97.9,31.9,6.46,9.26,18.4
Maize,Punjab,362.9,28.4,43.4,97.9,52.6,5.89,8.66,12.88
Rice,Maharashtra,1059.7,32.1,53.4,31.0,61.5,6.56,9.27,18.04
Wheat,Bihar,369.6,24.3,64.8,78.0,56.9,8.18,9.93,14.3
Rice,Maharashtra,1493.4,34.6,78.4,46.4,16.3,6.62,4.61,18.62
Maize,Madhya Pradesh,909.2,31.1,97.8,70.9,37.0,6.04,1.71,17.22
Maize,Madhya Pradesh,554.1,32.7,150.0,83.3,29.5,6.15,8.52,17.22
Wheat,Bihar,727.6,20.9,148.4,22.5,23.0,6.88,4.16,14.11
Wheat,West Bengal,628.8,25.3,164.4,85.7,24.6,5.72,5.73,13.14
Rice,Bihar,1957.8,34.0,44.5,56.3,18.4,6.1,5.34,15.69
Maize,Uttar Pradesh,358.6,21.8,87.8,63.5,49.6,6.12,1.2,17.68
Wheat,Madhya Pradesh,668.9,13.8,113.0,84.0,16.8,7.11,7.35,16.85
Maize,Maharashtra,307.1,17.4,57.9,82.6,44.2,6.04,5.02,11.2
Wheat,Punjab,723.1,19.7,68.2,86.2,54.2,5.46,3.06,13.58
Maize,Punjab,976.7,33.3,56.8,55.6,51.4,6.63,2.72,14.01
Wheat,Maharashtra,215.6,28.9,58.8,22.5,50.8,7.77,5.39,10.32
Rice,Maharashtra,685.5,36.9,151.4,29.7,34.1,6.88,0.53,15.94
Wheat,Punjab,196.3,18.6,64.5,63.0,30.2,7.53,1.59,13.56
Maize,Uttar Pradesh,898.7,14.9,121.4,24.8,19.6,7.66,4.84,14.56
Wheat,Madhya Pradesh,438.6,15.7,110.9,29.5,48.3,6.58,2.19,18.09
Wheat,Uttar Pradesh,176.2,19.5,171.9,25.8,60.2,5.71,2.3,12.51
Wheat,Uttar Pradesh,791.4,21.7,126.8,34.4,17.9,7.28,6.4,15.01
Wheat,West Bengal,318.6,21.5,76.6,21.0,52.5,6.23,1.13,13.21
Rice,Uttar Pradesh,1883.3,30.2,171.0,26.2,19.8,6.98,9.5,12.69
Maize,West Bengal,762.8,23.5,172.7,86.6,31.1,7.14,2.64,20.92
Wheat,Maharashtra,195.2,25.9,137.4,62.7,63.8,6.82,3.81,16.39
Rice,Bihar,1483.1,25.1,57.0,31.0,22.4,5.86,6.27,19.94
Rice,West Bengal,1195.6,31.4,77.7,88.4,60.5,7.08,9.97,16.27
Wheat,Uttar Pradesh,244.9,19.6,166.0,54.1,37.3,5.76,3.45,14.26
Wheat,Uttar Pradesh,253.7,23.4,174.5,46.4,31.2,5.19,1.05,13.38
Rice,West Bengal,1257.1,37.2,106.0,46.1,25.2,5.19,7.64,21.64
Wheat,Punjab,626.2,11.3,101.5,78.6,64.9,6.27,0.69,16.69
Wheat,Bihar,241.2,27.1,128.8,27.2,28.6,5.53,8.08,13.12
Wheat,Uttar Pradesh,667.4,12.1,109.4,32.4,44.9,5.47,2.38,16.33
Rice,West Bengal,1255.4,43.5,41.7,59.5,40.1,6.67,3.88,18.78
Rice,Bihar,1985.7,24.0,134.0,31.1,23.9,6.85,1.91,16.59
Wheat,Uttar Pradesh,663.9,26.7,60.2,83.8,37.6,7.6,0.99,13.22
Maize,Madhya Pradesh,547.0,27.3,71.3,100.9,30.9,7.48,6.1,18.09
Rice,West Bengal,1971.0,31.8,98.9,90.3,17.3,6.98,5.27,15.17
Wheat,Madhya Pradesh,410.1,29.0,60.2,33.4,48.1,7.57,8.41,13.79
Rice,Uttar Pradesh,816.2,21.7,173.5,83.0,53.6,5.96,5.16,15.85
Rice,Uttar Pradesh,1846.0,36.8,119.2,71.4,48.8,5.26,5.73,19.3
Rice,Madhya Pradesh,1156.0,29.1,50.2,77.0,59.5,4.7,2.2,17.57
Rice,Bihar,1983.5,35.6,119.8,44.2,43.1,6.88,6.7,16.48
Maize,Maharashtra,745.4,24.3,45.6,44.0,17.9,6.89,7.2,17.69
Maize,Bihar,607.2,18.4,139.1,36.9,63.9,5.26,1.0,17.62
Wheat,Madhya Pradesh,549.8,23.6,98.5,43.2,30.9,5.57,8.07,17.1
Wheat,Uttar Pradesh,782.9,23.9,127.0,37.5,45.4,6.53,9.96,16.76
Maize,Punjab,708.7,21.0,122.8,45.5,26.3,7.18,4.3,18.8
Maize,Bihar,1080.0,32.4,158.2,47.4,22.9,6.87,8.53,11.71
Wheat,West Bengal,293.9,16.6,82.2,54.3,14.6,5.84,0.78,14.22
Maize,Maharashtra,830.2,17.8,105.3,68.8,25.1,6.89,6.68,15.75
Rice,West Bengal,1324.4,18.6,64.7,64.3,40.2,6.62,6.76,20.43
Rice,Maharashtra,1196.0,22.8,66.3,52.9,28.8,6.65,9.12,19.28
Wheat,Punjab,709.8,15.0,70.7,22.3,44.4,7.27,6.71,15.49
Rice,Uttar Pradesh,917.9,36.1,165.2,65.9,25.9,6.02,7.68,18.84
Wheat,Punjab,793.6,26.0,113.4,25.0,50.3,6.73,3.44,15.26
Maize,Maharashtra,678.9,32.8,110.4,95.4,15.8,6.66,9.16,16.89
Wheat,Maharashtra,518.9,17.8,111.5,60.5,64.5,7.93,7.11,18.36
Rice,Punjab,1144.6,34.3,40.3,90.5,28.3,4.83,4.85,17.62
Rice,West Bengal,2039.4,25.5,43.3,38.1,22.7,5.93,1.57,14.91
Wheat,Uttar Pradesh,348.2,25.1,73.2,34.8,14.6,5.99,2.84,13.34
Rice,Maharashtra,1193.4,18.6,61.9,68.5,52.0,7.07,3.6,17.26
Rice,West Bengal,1763.5,41.8,156.8,22.6,33.0,4.8,1.54,11.61
Wheat,West Bengal,336.2,13.3,47.8,89.3,41.4,7.4,7.84,13.77
Rice,Punjab,637.0,30.5,132.6,26.2,36.5,6.11,2.73,16.38
Rice,Maharashtra,931.0,39.3,154.3,47.5,28.7,6.36,1.83,19.36
Wheat,Bihar,819.8,13.4,122.9,46.9,29.4,7.23,9.62,17.32
Rice,Maharashtra,1767.4,22.4,177.3,68.7,18.6,6.39,6.23,16.94
Maize,West Bengal,628.3,18.3,51.8,47.4,45.1,7.08,9.17,15.58
Rice,Uttar Pradesh,472.3,23.4,104.6,49.4,23.0,6.72,9.29,18.66
Rice,Madhya Pradesh,1737.4,39.5,171.8,65.2,64.7,4.76,8.43,14.53
Maize,Maharashtra,313.4,30.6,83.4,57.5,37.6,5.68,1.53,13.46
Rice,Bihar,622.6,18.9,174.2,38.9,39.7,4.9,4.52,12.58
Maize,Punjab,1078.0,20.7,92.9,61.2,49.1,5.87,4.54,18.65
Rice,Punjab,1000.9,23.7,57.4,65.9,31.6,5.23,8.73,19.68
Maize,Bihar,757.9,17.2,116.7,60.3,44.4,6.67,3.93,20.03
Maize,Uttar Pradesh,895.3,22.1,117.4,34.9,18.7,5.4,4.99,16.78
Maize,West Bengal,331.8,22.8,74.5,90.4,60.8,5.17,4.46,13.37
Wheat,Punjab,688.0,26.8,108.5,50.2,43.4,6.94,4.54,18.65
Wheat,West Bengal,408.2,21.6,49.1,32.6,21.6,5.19,7.36,12.5
Maize,Maharashtra,911.9,25.7,64.3,46.9,30.7,5.65,7.59,15.11
Maize,Maharashtra,721.0,24.0,57.2,84.3,60.5,7.64,2.42,16.01
Maize,West Bengal,335.8,24.7,134.9,50.6,18.2,5.65,7.06,15.32
Maize,Punjab,1008.6,23.4,76.7,100.5,28.1,5.44,2.45,12.53
Wheat,Maharashtra,846.6,24.7,84.3,82.9,44.5,7.41,4.16,14.34
Maize,Punjab,890.7,28.5,178.1,25.7,21.0,6.83,3.64,13.29
Wheat,West Bengal,200.8,22.7,110.6,39.2,14.3,6.89,8.27,16.27
Wheat,West Bengal,462.1,16.7,133.3,77.8,22.4,5.9,1.49,16.81
Wheat,Uttar Pradesh,388.4,27.4,151.6,50.9,59.6,6.3,8.71,16.09
Wheat,Bihar,649.0,20.8,63.5,45.8,36.6,7.21,9.06,16.49
Wheat,Madhya Pradesh,253.2,24.1,153.5,44.5,40.2,5.47,9.34,12.5
Maize,Uttar Pradesh,522.0,16.9,147.7,64.3,34.9,6.87,3.28,18.53
Rice,Madhya Pradesh,1341.8,33.6,143.1,43.8,14.6,6.24,9.99,20.68
Maize,Punjab,582.9,20.1,135.2,85.1,61.4,5.35,8.91,18.31
Wheat,Punjab,709.8,18.8,73.1,41.0,18.9,5.18,9.74,11.85
Rice,Madhya Pradesh,751.6,42.2,57.1,83.6,19.1,5.33,8.54,12.69
Wheat,Uttar Pradesh,474.9,12.3,161.0,50.2,47.4,8.03,7.79,16.11
Maize,Uttar Pradesh,783.3,20.4,78.7,52.8,49.0,4.68,7.6,18.02
Rice,Maharashtra,1665.8,21.0,103.4,43.8,37.4,5.79,1.86,18.17
Maize,Punjab,327.5,24.9,88.5,72.6,32.8,5.03,8.79,15.87
Rice,West Bengal,1027.3,22.1,71.2,52.9,62.1,6.49,2.54,19.63
Rice,Maharashtra,814.2,39.6,130.5,66.1,48.2,6.56,1.05,20.73
Maize,West Bengal,831.3,26.4,113.6,100.5,42.4,5.69,8.88,20.15
Wheat,Maharashtra,507.0,21.2,134.4,61.8,38.6,6.34,3.02,18.28
Wheat,Madhya Pradesh,536.9,11.5,79.7,43.2,48.1,6.59,5.13,15.46
Rice,Maharashtra,1523.0,37.3,45.3,59.3,43.4,5.43,8.83,23.69
Rice,Madhya Pradesh,1463.3,25.9,178.6,48.4,49.0,4.73,4.3,20.29
Wheat,Madhya Pradesh,431.7,22.0,116.4,79.0,61.5,5.42,2.63,16.73
Wheat,Maharashtra,534.1,27.7,155.6,80.2,49.6,6.77,8.36,14.06
Maize,Maharashtra,1068.7,27.0,85.3,25.1,46.2,5.98,1.9,15.75
Wheat,Bihar,465.2,26.6,116.9,23.8,45.9,7.61,4.24,17.46
Maize,Madhya Pradesh,496.1,15.0,124.9,86.6,47.2,7.06,1.97,16.85
Maize,Uttar Pradesh,1089.2,19.2,61.1,57.9,39.7,6.83,9.57,13.06
Wheat,Bihar,579.9,20.6,170.3,45.0,54.5,7.37,5.03,16.23
Rice,Madhya Pradesh,1757.0,40.8,94.7,90.8,21.8,5.96,5.05,15.03
Wheat,Uttar Pradesh,183.3,18.4,152.7,38.5,61.2,6.77,1.38,13.76
Maize,Punjab,726.4,22.7,122.6,66.7,62.2,7.21,4.24,19.29
Maize,Uttar Pradesh,730.1,29.2,112.5,75.8,60.9,4.77,3.82,18.17
Maize,Maharashtra,431.0,24.7,96.4,94.9,42.9,5.86,5.24,19.15
Wheat,Maharashtra,586.6,13.5,153.5,54.9,42.9,7.75,2.26,18.44
Maize,Uttar Pradesh,1117.5,16.5,113.2,65.0,42.7,5.18,6.56,17.73
Rice,West Bengal,1174.7,34.5,122.1,42.5,26.9,7.12,2.47,20.95
Wheat,West Bengal,551.2,25.6,143.8,73.5,33.9,7.28,2.77,17.12
Rice,West Bengal,969.8,38.1,130.8,20.6,47.7,5.1,7.38,20.51
Rice,Punjab,2046.5,35.3,146.9,68.0,23.2,5.78,8.08,17.3
Rice,Madhya Pradesh,500.9,35.8,141.7,56.4,58.4,6.34,3.95,20.42
Wheat,Maharashtra,769.7,14.0,101.6,29.1,63.0,5.3,1.12,13.44
Maize,Uttar Pradesh,852.6,18.0,110.5,100.7,41.1,5.39,9.39,19.14
Rice,Uttar Pradesh,732.2,42.7,148.0,65.5,48.5,5.5,6.64,18.2
Wheat,Punjab,436.9,25.1,138.3,42.6,39.9,5.78,5.28,18.66
Rice,Madhya Pradesh,638.6,28.5,177.2,62.3,61.6,6.67,4.94,15.6
Rice,Madhya Pradesh,1216.1,41.3,112.5,45.2,46.7,6.03,1.68,22.35
Rice,West Bengal,1501.4,18.6,110.4,66.5,41.4,5.26,8.37,19.21
Rice,Uttar Pradesh,1601.5,26.9,92.8,50.6,15.9,5.98,8.21,21.67
Rice,Madhya Pradesh,652.3,30.8,97.4,53.7,20.1,5.01,3.14,18.65
Rice,Bihar,1811.0,22.9,174.0,31.0,20.6,6.68,8.28,11.89
Rice,West Bengal,1347.9,37.2,157.4,58.7,45.6,6.4,8.66,22.45
Maize,West Bengal,607.2,27.6,150.8,33.0,36.2,7.27,7.2,17.93
Wheat,Madhya Pradesh,198.7,24.9,178.2,52.3,21.5,7.68,2.98,14.38
Maize,Bihar,324.5,31.5,62.8,29.5,23.5,5.93,5.22,10.78
Rice,Uttar Pradesh,1960.5,28.2,86.6,26.1,46.3,6.81,0.89,16.47
Wheat,Uttar Pradesh,485.7,28.5,97.3,86.9,58.7,6.43,3.98,16.59
Wheat,Maharashtra,394.3,18.9,107.7,37.4,17.4,7.23,0.72,18.79
Rice,Punjab,2034.6,38.8,176.1,35.5,14.9,5.76,9.37,13.37
Rice,Madhya Pradesh,1104.5,31.3,85.1,27.4,35.2,4.98,4.4,18.53
Rice,Uttar Pradesh,913.3,41.6,150.9,27.9,64.8,6.85,3.2,16.15
Rice,Punjab,841.0,18.7,108.4,88.1,47.3,5.9,1.55,18.3
Wheat,Madhya Pradesh,731.5,18.3,43.2,82.5,54.1,6.51,5.69,15.17
Rice,Madhya Pradesh,1520.5,29.7,81.5,56.9,27.2,5.88,1.89,21.24
Wheat,Punjab,839.4,19.8,154.1,41.3,29.7,8.14,5.22,11.86
Wheat,Bihar,464.0,21.7,122.2,52.5,37.4,7.47,3.25,18.21
Rice,Uttar Pradesh,1052.4,32.6,131.4,77.0,54.4,6.32,9.0,22.85
Maize,Punjab,1021.8,17.7,87.4,87.8,34.9,6.5,5.82,14.0
Wheat,Punjab,810.5,12.8,145.3,64.6,17.1,6.02,2.55,15.23
Wheat,West Bengal,728.2,28.2,85.2,22.4,45.0,5.81,7.92,13.32
Wheat,West Bengal,293.7,27.0,102.7,20.9,38.8,7.66,4.58,15.21
Rice,Madhya Pradesh,2097.9,22.1,87.6,32.2,37.7,5.71,5.17,17.1
Wheat,Uttar Pradesh,189.0,23.2,162.1,20.2,22.2,6.73,5.83,12.77
Maize,Madhya Pradesh,572.6,27.9,174.5,48.1,17.4,5.01,8.64,13.54
Maize,Uttar Pradesh,661.5,31.3,102.4,36.0,43.5,7.49,1.6,15.83
Rice,Madhya Pradesh,968.3,21.4,122.9,23.2,56.0,5.72,4.44,19.6
Wheat,Uttar Pradesh,324.1,15.0,44.1,30.9,31.2,6.8,1.74,14.26
Maize,Bihar,953.6,30.4,159.9,94.4,42.3,6.48,7.41,11.58
Wheat,Madhya Pradesh,631.4,14.1,142.1,25.0,18.1,6.57,9.94,15.97
Maize,Bihar,767.9,27.4,173.6,61.8,59.0,6.02,5.04,17.89
Maize,Madhya Pradesh,370.4,19.0,166.1,100.7,25.3,5.56,8.1,12.89
Rice,Bihar,1832.7,33.8,119.9,42.6,61.4,5.49,8.43,17.7
Wheat,Punjab,267.1,13.0,105.8,72.9,29.1,5.56,6.59,15.41
Maize,Madhya Pradesh,487.2,22.5,120.8,73.6,27.7,5.27,5.21,21.7
Maize,Uttar Pradesh,882.1,27.9,166.6,49.4,45.7,4.76,9.38,12.88
Rice,Bihar,522.5,39.6,47.9,39.9,31.0,5.1,3.48,12.19
Maize,Punjab,648.8,19.5,151.7,73.4,32.9,5.95,4.03,17.14
Rice,Punjab,2094.5,20.1,54.2,74.2,17.3,4.84,8.94,11.58
Rice,Bihar,1172.6,33.3,179.8,45.7,55.5,5.46,8.09,21.89
Rice,Madhya Pradesh,1277.0,41.2,63.4,61.0,52.5,5.59,8.74,20.12
Wheat,Madhya Pradesh,164.4,23.9,81.1,37.8,63.7,5.65,0.81,11.56
Rice,Bihar,656.0,17.7,46.7,74.1,64.3,4.79,7.61,13.35
Wheat,Uttar Pradesh,221.4,12.8,181.1,43.6,31.8,5.89,6.64,11.6
Rice,Madhya Pradesh,657.8,23.2,78.3,62.4,36.5,5.28,8.89,19.02
Rice,Maharashtra,1719.9,21.2,118.2,50.0,64.6,6.29,9.38,18.72
Wheat,Punjab,755.2,31.0,76.0,79.7,22.8,5.51,7.43,10.67
Wheat,Uttar Pradesh,303.7,30.4,112.1,33.6,54.7,6.58,6.56,13.02
Maize,Madhya Pradesh,689.4,23.2,160.7,59.1,62.1,6.65,5.83,18.04
Rice,Maharashtra,1366.3,20.5,46.5,76.1,35.6,5.29,3.8,18.05
Wheat,Madhya Pradesh,837.6,19.6,145.8,50.1,19.2,5.27,2.48,16.8
Maize,Punjab,412.4,24.6,67.3,45.7,20.1,5.76,4.36,15.4
Rice,Uttar Pradesh,1758.7,30.4,125.1,86.1,20.1,4.96,1.33,16.84
Wheat,Uttar Pradesh,379.7,23.6,44.4,88.6,60.4,5.37,8.75,14.29
Rice,Uttar Pradesh,1668.3,40.7,70.7,57.7,53.7,5.28,2.69,14.96
Wheat,Maharashtra,309.7,12.2,95.5,57.9,33.2,7.08,5.3,15.25
Wheat,Maharashtra,164.3,23.5,132.7,73.5,61.2,7.47,7.46,14.04
Maize,Maharashtra,254.8,29.9,151.9,62.6,51.3,4.8,3.52,13.07
Rice,Madhya Pradesh,1845.5,26.4,110.8,57.7,19.4,5.66,9.21,18.58
Wheat,Bihar,275.5,25.5,122.2,24.6,37.5,5.76,9.69,14.72
Maize,Maharashtra,1005.9,31.8,68.5,99.2,58.9,5.29,4.24,12.07
Wheat,Punjab,803.5,20.1,133.9,56.6,56.5,6.7,1.39,14.95
Rice,Bihar,1799.3,31.6,156.3,26.6,34.1,6.5,2.95,16.72
Rice,Bihar,1628.9,27.5,94.5,63.8,17.1,6.3,5.3,20.05
Wheat,Maharashtra,206.5,11.4,53.5,20.4,30.7,6.08,4.59,10.6
Wheat,West Bengal,222.4,26.9,79.6,77.3,57.2,7.78,8.73,11.81
Rice,Maharashtra,1202.5,36.5,112.5,70.6,25.5,6.5,7.29,21.41
Rice,West Bengal,580.8,43.0,162.7,41.6,48.4,5.83,3.57,14.31
Rice,Maharashtra,1719.5,35.7,59.3,63.2,53.6,6.82,2.84,16.73
Maize,Punjab,1068.5,15.5,136.6,49.7,35.6,7.21,4.49,14.69
Rice,West Bengal,721.9,25.0,176.9,26.7,58.2,6.43,8.39,15.66
Rice,Punjab,1282.6,31.5,65.3,63.5,14.7,6.97,3.01,17.69
Wheat,Uttar Pradesh,186.6,15.6,107.9,56.0,25.1,7.03,2.22,16.86
Wheat,Madhya Pradesh,455.1,29.3,165.9,24.9,47.4,5.58,2.5,12.64
Rice,Bihar,1106.0,24.7,42.2,34.7,29.9,5.12,0.69,18.45
Maize,Maharashtra,553.2,23.2,52.7,35.8,35.7,5.39,8.53,17.47
Wheat,Punjab,275.0,19.5,104.7,72.1,36.5,6.97,8.41,15.73
Wheat,Uttar Pradesh,180.1,28.4,108.9,44.9,60.2,6.17,9.79,13.58
Wheat,Uttar Pradesh,679.3,15.6,89.9,43.8,40.1,7.81,1.92,15.99
Maize,Uttar Pradesh,762.8,26.6,173.5,55.4,39.0,7.59,1.72,16.94
Wheat,Bihar,221.6,26.7,89.5,89.2,27.2,6.6,3.4,13.35
Rice,West Bengal,909.0,18.7,43.5,50.5,59.1,5.28,5.95,15.89
Wheat,Bihar,418.1,18.8,98.0,29.0,25.7,6.79,7.93,17.33
Rice,Maharashtra,1964.7,28.2,95.3,31.4,28.1,6.85,5.01,15.59
Maize,Bihar,460.9,16.7,45.6,103.0,37.2,6.29,2.92,15.14
Maize,Bihar,948.7,24.2,43.3,35.6,24.8,6.57,5.12,14.36
Maize,West Bengal,656.1,19.1,119.5,56.1,59.7,7.48,7.27,19.29
Wheat,Madhya Pradesh,359.0,16.2,49.0,70.2,27.9,6.04,9.94,15.68
Rice,Punjab,843.7,35.0,160.6,31.4,57.2,4.71,4.7,13.49
Rice,Madhya Pradesh,480.5,19.1,43.6,62.6,17.6,6.99,9.4,13.92
Rice,Uttar Pradesh,1284.1,39.6,103.4,87.7,47.2,4.96,8.91,18.91
Maize,Maharashtra,346.0,23.1,56.9,75.3,64.6,6.94,6.23,12.98
Wheat,Madhya Pradesh,264.3,10.5,56.1,31.7,49.2,7.68,7.5,12.67
Rice,Madhya Pradesh,1682.8,39.6,163.4,22.6,42.4,5.21,8.67,14.9
Rice,West Bengal,1888.2,23.5,104.3,45.0,20.0,7.01,4.66,15.41
Wheat,Punjab,550.1,16.1,94.8,41.4,37.8,7.56,5.11,17.96
Rice,Madhya Pradesh,1846.8,28.8,156.4,76.8,63.1,5.29,7.24,15.3
Rice,Maharashtra,665.0,42.5,127.0,67.4,60.6,5.62,7.34,17.18
Rice,Bihar,808.4,24.7,44.7,39.8,23.8,5.61,4.16,13.78
Wheat,Punjab,555.3,14.9,165.5,68.4,58.4,6.6,4.61,17.94
Wheat,West Bengal,336.4,25.8,78.8,36.7,29.3,7.87,4.27,12.98
Wheat,Punjab,614.4,20.0,103.7,70.9,33.2,6.48,2.05,18.64
Wheat,Bihar,500.5,23.7,170.9,72.4,41.6,6.37,4.89,15.78
Maize,Madhya Pradesh,454.4,28.5,140.6,81.0,48.4,7.15,9.95,18.21
Maize,West Bengal,416.8,22.8,133.1,62.3,53.7,6.76,1.74,19.92
Maize,West Bengal,557.7,33.2,162.5,78.8,34.3,6.74,4.38,17.78
Rice,Bihar,1063.4,28.7,79.7,68.7,56.9,6.58,6.46,20.15
Wheat,Punjab,686.7,21.1,146.1,56.4,30.7,5.43,2.42,16.51
Rice,Punjab,637.3,32.0,68.1,80.0,56.6,5.74,9.68,15.09
Maize,Madhya Pradesh,813.3,16.6,176.5,43.9,32.7,6.34,5.27,14.76
Maize,Madhya Pradesh,467.6,30.3,48.8,38.1,53.4,5.75,6.98,14.97
Wheat,Uttar Pradesh,877.2,15.3,128.8,58.7,21.3,6.24,7.92,15.68
Wheat,Madhya Pradesh,873.5,17.2,130.2,20.0,51.6,6.68,2.48,15.58
Maize,Maharashtra,1057.5,14.7,81.9,102.1,48.2,5.32,8.02,12.76
Rice,Punjab,809.8,34.1,117.9,20.3,64.7,6.69,5.12,17.53
Rice,Bihar,1404.3,34.7,82.5,37.1,30.4,5.06,8.81,19.05
Maize,Maharashtra,1022.3,15.5,78.3,59.9,40.6,4.94,8.39,13.24
Maize,Maharashtra,357.4,29.4,45.6,42.8,27.3,5.57,9.23,12.72
Wheat,Maharashtra,232.5,10.9,117.3,49.4,57.0,7.12,4.6,15.45
Wheat,West Bengal,289.5,30.1,118.2,46.0,24.2,8.24,7.33,11.52
Wheat,Punjab,818.3,24.2,144.4,21.0,35.8,6.1,8.59,15.05
Maize,Madhya Pradesh,294.7,15.8,73.7,49.5,36.1,6.75,3.97,12.58
Wheat,Maharashtra,375.9,20.5,68.5,78.8,61.2,6.37,4.76,15.15
Rice,West Bengal,841.7,23.8,77.6,46.0,50.6,7.03,6.86,16.1
Rice,Bihar,1196.2,33.1,170.5,46.7,58.6,5.08,4.03,19.28
Rice,Punjab,719.4,18.6,91.7,82.4,31.2,6.36,7.69,13.78
Rice,Bihar,1411.1,34.3,140.8,70.0,55.8,5.87,5.57,24.45
Maize,Uttar Pradesh,999.0,23.3,122.4,91.8,58.4,6.36,9.73,17.07
Wheat,West Bengal,711.4,12.9,86.0,48.8,53.6,6.89,4.77,15.64
Wheat,West Bengal,209.7,22.2,87.0,87.7,52.5,6.7,4.58,15.7
Maize,Maharashtra,792.8,27.7,46.8,33.4,23.2,5.21,8.51,16.05
Rice,Bihar,452.1,34.5,144.3,67.8,30.9,6.72,7.3,20.38
Wheat,West Bengal,548.9,27.3,67.3,64.7,36.0,5.65,8.4,15.04
Rice,Uttar Pradesh,2092.3,37.8,84.2,68.8,50.0,5.63,6.59,18.42
Rice,Maharashtra,1943.7,36.2,47.2,82.8,56.2,6.03,0.71,14.14
Maize,Punjab,266.8,23.1,87.0,68.8,37.0,5.25,4.22,16.87
Maize,Bihar,768.7,15.2,57.1,88.1,38.9,7.57,4.44,14.59
Wheat,Madhya Pradesh,478.6,13.8,84.4,38.8,48.7,5.66,6.63,16.98
Rice,Punjab,867.6,19.2,47.8,61.3,15.1,6.78,1.98,14.42
Wheat,Maharashtra,664.4,18.1,99.4,59.5,49.5,8.08,3.06,20.03
Rice,West Bengal,407.4,30.8,173.1,38.3,39.1,5.11,1.05,16.11
Wheat,Madhya Pradesh,686.5,25.0,93.6,62.5,47.2,7.24,5.96,17.25
Maize,Punjab,542.4,32.1,118.6,95.1,35.0,6.47,9.57,18.17
Maize,Madhya Pradesh,877.9,25.2,154.4,32.3,36.4,4.72,1.65,15.35
Maize,Punjab,806.1,29.5,124.1,93.5,55.9,6.54,3.81,18.7
Maize,Madhya Pradesh,1065.3,31.5,106.8,54.8,21.0,5.25,2.71,11.33
Rice,Punjab,1525.3,32.1,151.3,67.2,34.7,6.69,2.09,21.9
Maize,Madhya Pradesh,699.9,31.5,107.1,24.5,16.9,6.59,6.94,16.75
Wheat,Punjab,272.6,29.3,85.8,23.7,18.2,6.54,0.88,12.26
Wheat,Bihar,342.6,17.4,156.7,24.5,46.3,6.79,2.1,14.62
Rice,Maharashtra,1175.2,20.8,42.9,90.6,58.7,6.93,3.2,16.35
Rice,Punjab,1110.2,24.3,111.4,30.8,31.9,6.08,4.43,23.78
Wheat,West Bengal,605.7,18.8,180.0,71.2,14.5,7.74,7.18,17.14
Rice,Madhya Pradesh,896.2,19.2,144.7,27.2,18.4,5.45,0.62,17.75
Wheat,Maharashtra,254.9,19.8,124.2,52.2,47.0,7.48,9.52,16.51
Rice,Bihar,456.8,18.6,77.1,25.9,41.6,4.98,6.66,12.76
Maize,West Bengal,892.4,17.4,89.8,24.0,15.4,6.51,8.82,14.27
Maize,West Bengal,916.8,19.9,80.4,28.9,30.3,6.48,1.98,14.94
Maize,West Bengal,372.2,21.8,76.2,88.7,50.8,7.2,2.13,15.33
Wheat,Madhya Pradesh,819.8,30.1,45.8,34.6,19.9,7.53,0.93,10.07
Maize,West Bengal,373.6,22.9,170.6,44.2,46.4,5.29,6.29,16.23
Wheat,Madhya Pradesh,524.3,12.8,151.4,50.2,45.2,5.11,6.45,19.15
Maize,Madhya Pradesh,1014.5,16.7,163.3,73.4,15.6,5.0,0.93,11.48
Wheat,West Bengal,823.6,25.2,81.5,35.9,40.1,6.27,3.63,14.2
Rice,West Bengal,1753.2,38.6,131.5,39.8,63.2,5.18,5.25,14.93
Rice,Bihar,633.6,42.7,153.7,62.2,53.9,6.64,9.49,14.6
Rice,West Bengal,1655.1,40.0,167.5,47.7,30.3,7.15,7.81,14.73
Maize,Uttar Pradesh,708.8,17.3,140.0,70.4,42.8,6.91,6.71,22.54
Rice,West Bengal,1244.5,36.7,68.8,35.0,63.9,5.75,2.23,17.32
Maize,Uttar Pradesh,1016.3,15.0,173.4,52.7,32.6,6.87,4.19,14.43
Maize,Punjab,411.8,32.3,130.7,76.1,29.2,6.86,6.97,17.59
Maize,Madhya Pradesh,600.5,30.5,82.7,95.2,64.6,5.6,1.67,15.88
Wheat,Maharashtra,321.8,16.7,174.2,56.0,32.6,6.37,4.79,14.92
Rice,West Bengal,2026.4,40.9,85.6,21.4,44.8,5.76,7.62,14.84
Rice,West Bengal,1413.1,21.6,176.1,37.9,51.1,5.25,6.35,18.38
Rice,Bihar,1427.0,43.4,135.4,70.5,64.2,6.35,0.88,22.82
Rice,Uttar Pradesh,1392.9,28.5,42.2,25.0,24.0,6.58,8.97,19.08
Rice,Bihar,1480.4,27.5,171.2,74.3,36.8,6.53,9.77,20.38
Rice,West Bengal,1973.2,31.2,134.9,46.5,17.0,7.05,9.95,16.19
Maize,West Bengal,960.7,22.8,51.0,87.9,27.1,7.33,7.65,14.56
Maize,West Bengal,750.1,15.9,77.3,29.5,30.8,5.3,8.08,15.54
Wheat,Uttar Pradesh,805.7,10.8,167.6,76.2,17.9,7.38,7.82,12.02
Rice,Madhya Pradesh,2013.0,25.7,162.6,76.3,53.6,6.89,4.15,14.77
Rice,Punjab,1848.2,23.8,116.5,33.1,39.3,5.05,2.03,17.36
Maize,Madhya Pradesh,419.7,15.2,100.9,40.3,56.6,6.29,3.24,15.29
Wheat,Uttar Pradesh,168.7,20.6,61.8,62.5,54.7,5.2,2.06,13.09
Maize,Punjab,913.8,16.2,130.2,97.7,58.8,6.53,2.13,13.81
Wheat,Madhya Pradesh,786.1,10.7,98.1,78.8,14.0,6.78,2.97,13.15
Wheat,Maharashtra,613.6,28.7,160.3,74.3,34.8,5.55,6.86,15.0
Wheat,Maharashtra,721.8,16.6,143.3,65.5,18.2,7.34,8.86,17.12
Wheat,West Bengal,820.3,13.4,148.1,20.9,34.7,5.88,7.19,14.25
Maize,Uttar Pradesh,1006.4,26.8,104.6,92.3,53.7,6.1,6.01,15.71
Wheat,Madhya Pradesh,533.4,27.4,77.7,36.4,51.0,6.5,8.26,16.09
Wheat,Maharashtra,365.4,20.9,136.1,32.0,55.6,6.08,1.39,17.4
Wheat,Maharashtra,743.4,15.1,128.5,40.9,15.5,5.67,1.47,14.1
Maize,Uttar Pradesh,997.8,33.0,181.5,63.1,15.7,5.37,2.37,13.01
Maize,Maharashtra,454.7,25.2,125.7,53.2,27.8,5.19,2.78,18.22
Rice,Bihar,2095.9,35.9,124.5,47.9,60.7,5.9,1.78,20.61
Rice,Madhya Pradesh,420.3,43.4,125.0,63.1,62.9,6.73,8.24,18.66
Rice,West Bengal,1494.7,36.1,168.6,60.0,17.5,5.35,7.23,20.55
Wheat,Uttar Pradesh,748.6,25.3,166.2,86.8,23.6,6.33,7.02,12.21
Wheat,Maharashtra,858.4,23.0,146.6,46.0,58.5,6.93,6.2,15.08
Maize,West Bengal,767.5,19.1,86.9,92.6,49.6,5.54,1.76,18.1
Maize,Bihar,471.2,16.2,92.0,93.8,32.1,5.86,3.04,15.84
Wheat,Uttar Pradesh,340.0,28.8,177.1,73.5,18.5,6.48,9.91,14.2
Rice,West Bengal,561.8,36.6,178.7,42.6,37.5,5.73,0.99,16.64
Rice,Maharashtra,1971.0,38.2,127.0,77.7,34.6,6.8,8.09,15.25
Rice,Punjab,1103.6,25.0,168.4,66.5,45.3,6.87,1.06,20.31
Rice,Bihar,2023.1,22.4,127.9,78.9,40.0,5.57,9.86,18.85
Rice,Madhya Pradesh,2060.1,17.6,142.0,37.3,63.3,5.62,0.76,15.92
Wheat,Bihar,881.1,26.7,128.6,63.4,63.9,5.33,1.92,13.48
Wheat,Bihar,739.0,30.7,42.6,87.6,34.0,7.74,5.67,13.26
Rice,West Bengal,511.0,19.5,123.8,77.5,34.6,5.78,6.1,16.54
Maize,Madhya Pradesh,533.5,15.1,169.9,87.6,20.9,5.04,3.43,14.02
Wheat,Punjab,616.0,21.0,150.5,36.9,55.4,7.15,8.09,19.15
Wheat,Bihar,428.7,23.4,45.1,23.2,54.7,5.49,0.63,14.57
Maize,Madhya Pradesh,771.2,26.3,85.6,96.0,42.2,5.42,1.34,18.31
Wheat,Uttar Pradesh,811.2,19.4,65.1,33.9,54.1,8.05,4.09,10.96
Wheat,West Bengal,166.1,23.6,85.8,74.9,23.6,7.36,6.44,14.56
Rice,Punjab,1085.5,38.7,81.7,68.6,51.0,6.77,3.54,21.25
Rice,Uttar Pradesh,1129.9,20.8,94.4,80.8,21.2,6.12,4.36,19.53
Maize,West Bengal,993.3,25.6,158.1,74.7,53.2,6.89,2.97,15.4
Maize,West Bengal,687.0,31.5,77.2,68.8,41.5,7.0,7.84,18.12
Wheat,Uttar Pradesh,824.7,30.8,162.5,20.4,52.3,6.91,1.39,11.56
Maize,Uttar Pradesh,1099.6,31.1,111.3,90.9,21.6,6.28,4.78,14.41
Maize,West Bengal,913.3,26.1,160.1,46.2,45.1,4.89,0.59,16.57
Maize,Maharashtra,708.0,15.3,99.1,87.9,15.4,6.56,2.0,17.2
Rice,Madhya Pradesh,1894.3,25.4,87.3,67.6,21.6,6.98,3.96,16.51
Rice,Maharashtra,945.2,34.6,135.5,50.9,25.7,6.46,2.1,21.46
Rice,Punjab,1310.2,39.8,132.7,77.1,41.2,6.24,3.24,20.27
Maize,Maharashtra,914.0,15.7,88.5,62.5,45.9,7.2,2.82,15.99
Rice,Bihar,1778.5,31.2,128.9,45.4,17.5,6.79,2.32,17.97
Rice,Punjab,415.7,22.4,44.4,27.9,45.6,5.27,5.91,12.9
Maize,Madhya Pradesh,971.6,18.3,172.7,81.1,53.9,6.06,2.41,13.8
Wheat,Bihar,385.6,19.3,107.2,40.7,54.3,5.8,7.12,15.72
Maize,Bihar,755.4,26.4,73.3,37.0,40.9,5.99,3.38,21.04
Maize,Uttar Pradesh,656.5,15.2,63.2,67.3,14.1,6.81,9.1,16.22
Wheat,Maharashtra,391.4,31.1,46.7,61.3,37.5,5.34,2.53,12.62
Rice,Maharashtra,414.8,22.0,106.9,80.4,63.2,6.15,2.52,17.06
Wheat,Uttar Pradesh,424.8,13.3,58.0,48.9,29.6,5.39,6.24,14.27
Rice,West Bengal,1134.3,37.7,144.2,22.3,43.1,5.06,9.44,20.06
Rice,West Bengal,1641.4,42.4,148.8,82.3,40.5,6.73,2.24,16.61
Wheat,Maharashtra,677.2,28.4,87.8,52.6,46.4,6.09,2.2,16.86
Rice,Bihar,1760.3,26.4,61.3,33.3,41.1,6.77,1.17,15.84
Maize,West Bengal,851.6,28.5,127.5,102.2,29.3,7.04,4.44,19.8
Wheat,Madhya Pradesh,614.8,18.1,127.4,50.8,58.8,7.36,1.55,20.57
Wheat,West Bengal,500.0,26.8,86.2,75.7,47.4,7.29,3.21,18.07
Wheat,Uttar Pradesh,494.4,23.1,157.7,56.5,38.2,5.94,5.4,18.06
Wheat,Uttar Pradesh,343.9,28.3,166.6,63.1,64.1,5.88,1.16,15.47
Maize,West Bengal,741.3,28.0,75.7,74.1,37.6,6.13,5.74,18.3
Wheat,Punjab,884.3,14.7,42.5,78.3,34.6,6.81,2.61,13.02
Wheat,West Bengal,298.4,21.7,94.7,86.1,61.6,5.73,6.39,14.9
Wheat,Bihar,754.1,19.5,110.7,90.1,26.0,5.16,1.56,12.92
Maize,Uttar Pradesh,964.1,29.1,87.9,99.6,62.4,7.27,0.78,11.93
Maize,Bihar,520.3,27.6,122.5,81.3,54.0,6.69,2.79,20.76
Wheat,Madhya Pradesh,541.9,12.9,144.7,69.7,54.5,6.12,4.64,16.08
Wheat,Madhya Pradesh,348.8,16.5,160.8,48.3,55.9,5.26,2.57,14.15
Maize,Madhya Pradesh,406.4,22.0,173.6,91.9,36.0,7.64,4.89,16.1
Wheat,Uttar Pradesh,277.5,22.1,54.2,44.1,33.0,7.88,4.45,13.47
Rice,Punjab,400.8,41.7,54.1,68.5,46.1,6.68,6.69,15.21
Wheat,West Bengal,316.3,16.7,157.3,69.7,14.4,5.68,7.63,14.46
Maize,Uttar Pradesh,247.6,23.8,164.0,87.2,39.2,5.19,8.56,14.88
Rice,West Bengal,966.7,27.9,143.0,46.7,43.5,6.43,2.36,22.72
Maize,West Bengal,929.4,30.1,45.1,34.6,41.9,4.95,3.18,12.31
Rice,Bihar,2059.6,22.8,59.4,64.4,30.3,5.01,6.21,14.52
Maize,West Bengal,735.3,31.0,149.8,39.9,45.5,6.17,2.97,17.72
Rice,Madhya Pradesh,550.3,35.2,88.2,25.1,38.2,6.54,3.21,16.58
Rice,Uttar Pradesh,527.7,28.5,135.0,79.5,42.9,6.26,2.18,18.58
Maize,Uttar Pradesh,284.4,26.5,43.8,63.7,21.8,6.71,9.32,16.16
Rice,Maharashtra,1487.1,23.0,118.5,79.3,33.9,5.61,0.84,23.61
Maize,Uttar Pradesh,928.3,15.0,181.6,65.4,38.3,6.64,5.01,16.01
Maize,Maharashtra,756.9,17.7,80.6,54.2,56.0,6.74,6.63,15.12
Wheat,Maharashtra,597.3,31.0,74.8,60.7,45.2,6.83,8.76,14.66
Rice,Maharashtra,767.6,25.9,134.3,68.1,51.8,4.99,8.28,20.27
Wheat,Madhya Pradesh,220.0,17.0,126.4,62.7,27.9,8.1,3.42,13.78
Rice,Uttar Pradesh,922.9,19.2,77.6,49.0,64.6,5.65,1.35,16.76
Maize,Punjab,307.5,23.8,152.2,50.9,17.5,7.6,9.42,13.79
Rice,Punjab,1600.4,41.2,72.6,75.8,43.2,5.44,0.84,18.18
Wheat,Maharashtra,418.9,15.8,134.2,36.4,47.5,6.72,1.95,18.75
Maize,Madhya Pradesh,299.6,21.5,164.5,76.2,30.3,7.61,5.26,14.33
Maize,Bihar,678.7,17.3,74.9,26.0,44.3,5.56,7.27,15.97
Rice,Madhya Pradesh,693.0,20.4,52.4,47.8,16.3,5.5,9.63,12.62
Rice,Madhya Pradesh,1359.0,35.3,49.4,20.1,24.8,6.89,6.64,18.34
Maize,Bihar,650.6,31.8,52.0,93.6,48.1,5.19,3.25,15.74
Rice,Bihar,1367.4,25.1,139.9,78.2,37.7,7.12,8.85,22.19
Maize,Maharashtra,1025.7,20.1,109.8,66.8,63.0,5.59,5.45,17.18
Rice,West Bengal,1025.1,33.3,52.0,47.2,27.3,7.03,4.41,18.9
Maize,Maharashtra,414.0,20.2,43.3,101.6,56.6,5.9,8.98,15.21
Maize,Punjab,1100.3,32.8,165.0,94.7,40.1,6.18,8.29,11.98
Rice,Punjab,845.2,34.0,95.1,44.5,41.2,6.59,4.1,21.92
Rice,Maharashtra,1715.3,40.2,145.0,76.9,16.5,5.26,6.41,14.96
Maize,Bihar,1099.5,24.1,76.5,87.3,25.3,6.21,8.54,15.1
Rice,Madhya Pradesh,961.5,35.7,131.9,29.6,36.5,6.88,0.84,21.82
Maize,Madhya Pradesh,725.0,32.7,111.7,101.2,60.2,7.07,6.28,17.08
Wheat,Maharashtra,273.9,13.8,149.2,33.3,38.7,8.16,7.71,13.27
Maize,West Bengal,252.8,31.2,64.0,98.3,28.1,5.92,0.93,11.04
Rice,Bihar,677.4,30.8,100.3,20.7,60.7,5.8,9.57,20.96
Wheat,Uttar Pradesh,776.7,16.8,69.7,89.5,30.3,7.21,6.94,13.01
Maize,Bihar,1097.2,25.6,153.5,102.8,57.1,5.91,8.82,13.95
Wheat,Madhya Pradesh,777.7,19.5,101.9,89.9,59.6,5.86,9.15,14.26
Rice,Madhya Pradesh,984.2,29.4,111.8,89.9,25.4,5.88,1.92,18.82
Wheat,West Bengal,850.0,26.3,132.0,43.2,15.4,5.97,7.02,16.62
Wheat,West Bengal,501.8,22.0,160.4,88.5,30.7,7.43,3.21,15.43
Wheat,Uttar Pradesh,635.8,24.5,102.5,76.7,40.0,6.0,9.56,19.75
Rice,West Bengal,674.6,33.2,171.9,79.1,47.0,6.45,1.77,16.19
Maize,Uttar Pradesh,920.8,29.1,168.9,61.6,41.2,7.32,3.18,14.62
Maize,Maharashtra,1072.4,32.9,49.5,70.2,56.7,5.62,6.11,12.85
Wheat,Uttar Pradesh,863.2,23.6,83.1,77.2,52.7,8.04,5.02,14.02
Wheat,Maharashtra,217.2,26.1,80.1,89.5,23.3,6.22,4.06,13.07
Rice,Uttar Pradesh,1054.7,34.3,77.8,29.9,38.4,5.71,2.71,21.5
Maize,Madhya Pradesh,912.7,17.5,112.8,25.9,18.6,4.92,1.04,12.43
Maize,Punjab,936.2,18.8,50.8,68.1,48.5,7.15,3.09,15.96
Wheat,Maharashtra,902.9,13.5,94.4,36.9,28.8,6.12,7.32,14.45
Maize,Uttar Pradesh,495.7,22.8,50.0,43.0,47.0,6.1,2.85,19.5
Rice,Uttar Pradesh,1325.1,19.2,173.3,81.6,24.9,6.41,5.9,17.87
Wheat,Madhya Pradesh,346.1,28.1,110.4,90.6,54.5,7.84,7.85,16.85
Rice,Punjab,648.4,18.0,91.6,65.4,40.6,6.34,6.91,16.83
Maize,Maharashtra,374.9,32.1,104.8,77.1,58.0,6.36,1.08,16.06
Wheat,Madhya Pradesh,382.3,19.6,160.1,58.9,16.8,7.35,2.23,15.56
Maize,West Bengal,767.6,29.3,113.3,36.5,16.5,5.01,5.2,16.68
Maize,Uttar Pradesh,402.7,16.4,123.8,72.9,45.7,4.79,0.76,17.23
Wheat,Bihar,501.1,11.1,162.7,44.0,24.2,6.39,7.25,15.79
Rice,West Bengal,1050.2,37.4,146.9,26.1,45.1,5.03,5.19,17.75
Maize,Uttar Pradesh,887.2,21.4,123.1,91.0,15.2,5.4,5.83,18.63
Rice,West Bengal,1247.2,32.2,66.4,30.4,48.5,5.65,3.25,19.37
Rice,West Bengal,872.7,42.7,140.4,90.1,63.5,6.95,7.68,16.67
Wheat,Madhya Pradesh,860.7,21.0,159.0,40.1,46.3,6.85,9.28,15.38
Wheat,Punjab,873.2,27.8,96.3,24.0,40.4,6.29,1.67,15.8
Rice,Madhya Pradesh,1440.6,41.1,40.1,36.3,24.7,4.98,2.08,15.32
Rice,West Bengal,1797.2,30.1,48.8,38.3,55.0,6.54,8.82,14.78
Rice,Bihar,753.1,24.1,44.3,28.4,60.8,5.47,6.28,14.86
Rice,West Bengal,984.9,31.1,81.5,76.7,39.4,6.97,6.42,19.29
Wheat,Maharashtra,817.6,15.6,109.9,54.6,27.7,6.24,2.26,15.68
Maize,Madhya Pradesh,788.5,16.4,101.6,93.3,53.2,6.8,4.97,17.64
Maize,West Bengal,853.1,24.1,51.1,103.9,14.8,6.17,3.99,16.22
Rice,Punjab,1981.7,18.8,105.4,70.5,21.7,4.79,1.81,15.92
Maize,Uttar Pradesh,419.1,31.5,141.7,83.7,26.1,4.95,1.19,15.15
Maize,Uttar Pradesh,544.1,21.6,124.9,59.0,63.2,5.52,4.48,21.86
Wheat,Bihar,869.6,15.7,98.1,75.3,32.6,7.89,2.81,15.32
Rice,Uttar Pradesh,1308.3,21.6,103.9,34.4,58.8,6.38,3.74,19.76
Maize,Madhya Pradesh,837.3,30.9,65.2,89.0,54.2,7.14,6.03,14.72
Wheat,Uttar Pradesh,849.3,29.0,165.9,54.0,22.7,7.48,4.19,12.31
Rice,Uttar Pradesh,912.6,34.0,91.4,26.2,20.0,7.06,9.13,16.62
Maize,Punjab,1021.9,32.9,103.6,31.1,25.8,6.66,4.35,13.97
Rice,West Bengal,802.4,31.4,49.6,86.1,20.3,5.17,7.77,14.45
Rice,Bihar,451.9,26.3,106.3,45.6,20.0,5.19,0.73,17.97
Rice,Maharashtra,634.2,31.1,170.8,20.6,16.9,5.71,6.92,13.44
Wheat,Maharashtra,311.6,25.5,54.6,56.0,22.7,5.25,1.86,12.38
Maize,Madhya Pradesh,910.1,31.7,145.6,70.1,22.8,6.88,6.13,15.03
Maize,Uttar Pradesh,936.2,33.1,61.0,46.7,40.7,5.98,4.55,12.81
Maize,Punjab,250.1,28.8,142.7,25.0,59.5,5.07,9.63,14.75
Maize,Maharashtra,559.5,31.1,109.5,80.7,22.5,5.88,8.47,19.25
Wheat,Punjab,287.0,11.0,82.6,88.9,33.3,5.86,4.33,11.55
Maize,Punjab,812.9,25.0,96.1,56.9,61.7,6.71,9.33,20.03
Maize,West Bengal,685.9,20.0,91.0,90.1,16.9,7.0,8.36,18.81
Maize,Bihar,583.7,19.7,58.1,44.8,57.9,6.84,9.19,18.11
Wheat,Uttar Pradesh,477.4,25.2,54.3,23.4,46.7,6.78,4.37,14.84
Rice,Punjab,1421.6,31.5,113.0,80.6,45.2,6.01,0.96,21.93
Wheat,Madhya Pradesh,699.4,12.5,127.2,76.8,28.0,7.09,8.48,16.34
Rice,Maharashtra,634.7,28.5,47.8,87.3,60.0,4.8,8.46,13.17
Rice,Maharashtra,659.8,23.2,163.9,62.8,23.0,6.05,2.93,15.41
Wheat,Bihar,371.0,22.4,169.0,55.9,48.5,7.32,1.95,18.31
Wheat,Uttar Pradesh,405.9,17.3,83.0,62.1,52.3,8.05,1.39,19.37
Rice,Uttar Pradesh,1785.6,25.9,147.6,86.7,47.7,5.74,7.6,17.41
Maize,West Bengal,641.8,15.9,43.6,100.3,38.2,7.05,2.59,15.22
Rice,West Bengal,662.2,36.4,122.6,34.3,52.8,5.96,6.71,16.29
Wheat,Bihar,794.2,23.4,128.6,28.8,49.6,5.98,5.43,14.55
Rice,Bihar,946.4,27.5,137.2,37.6,37.5,6.27,3.56,23.36
Maize,Maharashtra,325.7,30.6,80.1,88.2,63.6,5.68,9.72,11.93
Maize,Punjab,499.3,29.2,120.5,30.5,37.0,4.91,4.05,17.8
Maize,Maharashtra,1090.5,15.6,124.8,47.9,57.4,6.17,1.24,13.33
Maize,Bihar,889.2,15.2,126.6,26.7,19.9,5.86,9.67,14.83
Maize,Madhya Pradesh,744.1,23.8,171.9,77.6,48.8,6.15,3.38,19.55
Wheat,Maharashtra,610.3,30.8,105.9,22.8,55.8,5.8,2.17,16.5
Maize,Punjab,1040.7,18.8,105.4,36.4,38.4,6.62,0.68,15.75
Wheat,Uttar Pradesh,740.1,10.5,111.1,33.1,47.0,7.24,5.26,14.87
Wheat,Uttar Pradesh,200.1,25.5,52.5,80.2,24.3,7.42,6.12,12.43
Rice,West Bengal,1742.8,19.2,76.1,36.3,64.3,6.42,6.37,13.85
Maize,West Bengal,966.7,28.2,112.7,30.2,22.6,5.4,9.01,14.29
Wheat,Punjab,877.5,22.5,112.1,50.2,49.8,8.0,6.2,16.05
Wheat,Madhya Pradesh,518.0,26.3,98.9,80.5,30.7,7.28,8.98,17.14
Rice,Maharashtra,2094.7,26.6,80.5,52.2,57.7,6.48,4.98,16.36
Wheat,Bihar,174.6,17.2,168.7,33.1,28.5,7.7,1.65,12.88
Maize,Maharashtra,337.6,32.3,56.0,101.6,36.6,7.54,9.19,11.84
Maize,West Bengal,354.5,19.2,125.5,51.0,51.3,6.26,3.03,16.39
Wheat,Maharashtra,775.8,26.7,129.2,50.9,21.8,6.69,2.01,16.88
Maize,Punjab,1105.1,21.5,139.1,93.2,15.4,7.42,5.24,14.24
Wheat,Punjab,831.5,26.9,68.1,46.4,53.8,6.76,2.16,12.77
Maize,Madhya Pradesh,717.7,29.5,179.9,32.4,36.5,6.45,8.87,15.73
Rice,Bihar,1285.0,32.6,165.8,64.3,63.7,6.83,2.54,21.47
Wheat,Uttar Pradesh,844.6,11.2,115.3,24.6,61.1,6.49,4.48,13.14
Wheat,Madhya Pradesh,811.7,16.8,109.7,57.6,29.7,7.43,7.07,16.6
Rice,Madhya Pradesh,1842.3,27.0,59.9,51.1,38.8,6.25,5.48,19.79
Rice,Madhya Pradesh,561.2,38.2,92.3,37.4,43.1,4.71,4.92,14.57
Maize,Madhya Pradesh,272.6,26.8,115.9,24.5,24.5,4.86,5.92,14.53
Maize,Madhya Pradesh,894.1,15.1,79.0,67.0,36.3,6.55,4.12,17.18
Rice,Bihar,1805.8,32.0,149.9,79.5,62.0,4.83,8.09,15.49
Wheat,Punjab,522.0,30.3,51.9,63.7,50.7,7.06,5.53,15.13
Rice,Punjab,1684.4,24.3,157.4,85.9,44.5,6.33,1.0,19.08
Maize,Bihar,510.7,21.3,97.9,86.2,34.4,4.94,3.15,20.31
Maize,Uttar Pradesh,897.5,29.7,151.5,102.0,56.1,7.6,6.45,15.27
Maize,West Bengal,294.2,32.8,132.3,98.3,20.8,7.0,2.73,12.84
Rice,Madhya Pradesh,2072.5,31.5,153.7,62.3,53.9,6.3,7.07,16.85
Wheat,Maharashtra,573.6,30.0,74.0,67.3,21.8,7.35,0.61,15.0
Rice,Uttar Pradesh,1221.5,20.3,137.7,88.4,60.3,6.09,4.07,21.29
Wheat,Maharashtra,595.3,15.0,40.4,36.7,23.9,6.27,8.94,14.79
Rice,Madhya Pradesh,1593.3,40.8,121.9,28.3,14.1,5.9,9.52,16.54
Rice,Punjab,1573.7,28.9,99.0,37.7,41.4,5.76,5.0,22.65
Rice,Madhya Pradesh,1262.5,29.0,78.7,66.8,43.1,5.21,7.24,20.71
Rice,Bihar,849.8,19.8,160.2,20.6,51.2,7.12,5.08,12.37
Rice,Bihar,845.9,31.7,130.7,88.3,39.2,6.95,3.87,20.17
Maize,Uttar Pradesh,794.8,31.7,59.7,67.7,18.5,5.35,3.44,16.22
Rice,Uttar Pradesh,1321.1,34.8,179.0,72.9,20.0,5.85,6.09,19.37
Rice,West Bengal,1137.3,28.3,84.3,43.1,49.1,4.78,6.98,17.79
Maize,Madhya Pradesh,775.3,22.1,136.4,86.9,64.3,6.42,3.98,20.68
Wheat,Punjab,525.5,27.9,121.1,42.6,61.0,5.59,3.61,14.82
Rice,Maharashtra,702.7,36.6,172.9,62.7,24.0,6.36,3.76,16.35
Wheat,West Bengal,204.5,17.0,148.0,69.3,64.3,6.23,3.12,15.3
Rice,Punjab,459.8,18.7,67.2,63.2,14.9,5.38,1.05,14.82
Maize,Uttar Pradesh,1027.1,22.5,135.2,95.0,58.4,4.7,2.0,15.09
Maize,Punjab,294.2,33.2,136.1,54.1,56.5,4.99,1.71,13.38
Rice,Maharashtra,980.4,18.8,88.6,76.4,45.8,6.53,8.04,19.99
Rice,West Bengal,675.1,36.5,52.6,69.2,57.3,5.54,7.24,15.18
Maize,Bihar,753.2,22.1,139.3,87.0,23.2,7.41,1.08,19.05
Wheat,Uttar Pradesh,258.2,27.6,163.0,54.5,39.9,6.37,3.78,13.8
Rice,Bihar,1463.9,28.4,74.9,72.9,62.2,5.62,1.78,18.98
Wheat,Uttar Pradesh,752.1,26.9,134.2,86.0,55.0,5.79,4.12,14.52
Rice,Uttar Pradesh,1531.1,23.2,83.1,57.6,54.6,5.82,2.66,22.32
Rice,Madhya Pradesh,1203.7,42.4,88.7,32.6,48.6,6.77,0.88,17.15
Rice,Maharashtra,1443.3,28.7,152.3,61.5,14.5,6.09,6.52,22.59
Maize,Madhya Pradesh,574.0,20.3,99.7,65.7,57.0,6.85,5.38,19.72
Maize,Madhya Pradesh,323.7,20.3,167.2,83.8,45.5,5.14,9.32,16.76
Maize,Uttar Pradesh,1018.2,19.5,41.9,40.7,60.7,5.31,6.91,12.6
Rice,Maharashtra,1717.0,26.2,66.8,71.6,37.9,4.75,9.62,17.11
Rice,West Bengal,1805.9,34.3,144.4,70.5,57.8,5.13,0.51,15.76
Rice,Maharashtra,1114.4,22.4,88.1,70.0,24.4,4.91,8.94,18.27
Maize,Punjab,863.4,32.0,68.1,54.8,55.1,5.81,4.1,16.59
Maize,Uttar Pradesh,503.4,21.7,73.3,46.9,50.0,6.93,9.61,20.77
Maize,Madhya Pradesh,243.7,32.1,103.9,80.0,21.5,7.24,5.04,15.02
Maize,Bihar,635.7,19.7,115.7,69.7,53.4,6.08,7.97,20.16
Rice,West Bengal,607.3,32.9,137.4,20.9,37.2,6.72,3.31,17.48
Maize,Bihar,626.2,27.8,65.5,96.2,35.3,6.71,4.96,17.04
Rice,West Bengal,1699.0,25.6,85.7,49.3,58.0,4.73,4.62,16.89
Rice,West Bengal,1373.1,18.5,168.7,87.6,14.2,5.2,2.21,17.5
Rice,Maharashtra,1214.3,24.3,40.5,88.6,58.1,5.95,2.91,20.43
Wheat,Madhya Pradesh,772.8,26.3,83.8,65.1,44.7,5.55,2.34,13.62
Rice,Punjab,1714.7,21.1,142.9,26.9,60.6,6.25,5.19,15.18
Rice,Bihar,1198.2,22.5,58.4,53.8,25.6,6.33,4.65,18.44
Maize,Punjab,927.3,29.2,85.4,91.1,63.1,6.11,6.7,14.9
Wheat,Bihar,641.9,13.1,153.0,53.2,30.5,7.7,3.76,13.9
Wheat,Punjab,637.6,11.8,95.7,63.5,50.4,7.67,3.64,17.2
Maize,West Bengal,279.7,25.3,77.4,93.9,26.0,6.41,4.49,12.91
Maize,Uttar Pradesh,338.3,19.2,141.2,74.2,41.4,6.17,4.2,17.33
Maize,Uttar Pradesh,584.4,33.1,49.6,70.9,23.9,5.81,5.69,16.04
Maize,Madhya Pradesh,422.6,33.4,56.1,84.6,46.5,5.27,9.39,14.88
Rice,Punjab,442.1,21.7,168.2,90.8,38.9,5.9,7.85,14.69
Rice,West Bengal,1165.9,35.0,58.5,50.0,29.8,6.35,1.79,18.28
Rice,Uttar Pradesh,1692.5,32.3,112.2,71.6,50.0,6.73,1.09,20.88
Wheat,Uttar Pradesh,618.1,21.3,179.4,73.1,64.3,5.69,7.74,15.96
Wheat,Madhya Pradesh,775.4,12.1,159.9,22.7,59.8,8.17,6.84,10.69
Maize,Madhya Pradesh,1059.0,27.0,152.0,61.1,25.6,7.19,7.0,15.16
Wheat,Madhya Pradesh,235.6,18.1,136.9,79.1,27.1,7.46,2.63,14.97
Wheat,Madhya Pradesh,242.8,29.0,171.0,85.6,14.2,5.8,7.07,9.86
Rice,Uttar Pradesh,583.0,20.6,133.4,69.2,55.5,5.12,5.41,14.19
Rice,Madhya Pradesh,876.9,29.1,78.2,69.1,38.5,5.22,5.31,18.93
Rice,West Bengal,1762.5,23.8,160.6,24.1,54.8,6.97,7.84,14.45
Rice,Madhya Pradesh,944.6,34.0,169.6,45.4,57.9,6.95,0.7,19.01
Wheat,West Bengal,260.0,10.7,115.5,81.1,27.7,5.73,4.67,13.58
Maize,Uttar Pradesh,360.6,19.7,41.2,70.4,57.9,6.56,6.69,14.83
Wheat,West Bengal,541.5,15.2,116.8,77.0,25.0,6.84,3.87,16.17
Rice,Maharashtra,1214.1,26.3,73.4,20.7,31.3,5.31,5.93,17.6
Rice,Madhya Pradesh,673.3,19.5,55.3,89.4,24.8,6.38,6.55,12.81
Rice,Bihar,527.8,35.4,110.9,34.5,58.8,5.4,3.2,16.98
Maize,Punjab,997.8,16.6,94.2,75.7,60.9,5.4,6.2,13.0
Wheat,Madhya Pradesh,451.7,27.4,64.6,69.8,37.5,5.32,2.19,17.12
Rice,Maharashtra,1228.8,21.6,178.4,71.6,27.6,5.59,4.51,22.12
Maize,Punjab,886.3,26.9,79.9,101.4,55.3,5.06,2.04,15.19
Rice,Bihar,1501.5,19.3,158.5,57.2,60.3,6.85,8.22,17.61
Maize,West Bengal,936.7,18.3,180.6,26.6,42.2,5.18,4.38,12.35
Wheat,Punjab,671.9,20.5,88.3,68.6,47.7,6.94,5.52,17.94
Rice,Bihar,791.4,18.5,118.8,46.3,56.3,6.68,3.51,18.14
Rice,Madhya Pradesh,821.9,31.3,152.4,67.6,29.2,5.5,6.71,18.66
Rice,West Bengal,1725.1,34.4,150.6,29.6,41.3,5.95,8.65,15.32
Maize,Bihar,1092.1,20.2,78.6,34.5,38.5,5.55,7.03,12.58
Maize,Madhya Pradesh,1016.9,27.9,133.3,97.1,41.6,4.9,7.29,16.03
Maize,Bihar,643.0,28.2,139.8,94.9,52.8,7.17,3.55,20.01
Rice,Bihar,2047.9,22.1,61.5,31.8,47.6,7.13,2.74,13.31
Maize,Maharashtra,946.5,32.8,106.5,76.2,22.6,7.63,6.02,14.28
Rice,Uttar Pradesh,843.3,36.4,145.3,43.2,58.7,5.34,1.16,16.89
Wheat,Uttar Pradesh,823.3,26.2,178.6,21.2,45.6,5.47,9.15,12.56
Wheat,Punjab,751.6,29.7,43.3,49.3,24.4,8.24,9.33,11.12
Rice,Bihar,1842.7,22.5,156.6,25.6,39.0,4.86,6.94,14.36
Maize,Maharashtra,944.3,24.3,99.6,53.1,43.6,7.03,9.07,18.09
Wheat,Punjab,620.1,18.0,179.8,87.7,53.7,7.59,9.78,16.58
Maize,Madhya Pradesh,731.5,14.7,155.7,87.9,19.1,6.74,5.5,17.07
Maize,Madhya Pradesh,651.9,21.6,96.4,96.6,22.7,7.29,2.36,17.45
Rice,Maharashtra,1547.2,24.4,90.4,44.8,50.6,5.83,3.93,20.39
Rice,Madhya Pradesh,1915.9,18.4,104.9,66.9,59.3,6.14,8.33,16.48
Wheat,Maharashtra,548.5,17.8,50.7,90.4,22.9,5.9,2.74,14.8
Maize,Madhya Pradesh,305.7,17.2,150.9,72.2,29.3,5.17,1.67,12.91
Rice,Bihar,1067.2,41.8,122.2,20.3,16.0,6.36,5.85,21.17
Maize,Madhya Pradesh,904.3,29.9,81.6,44.8,48.6,7.02,0.6,12.94
Wheat,Bihar,854.2,13.0,64.0,50.8,28.5,7.04,9.1,12.41
Maize,Madhya Pradesh,978.1,30.4,55.7,69.4,29.6,6.31,7.32,13.06
Rice,Bihar,1423.9,41.7,102.2,44.4,53.1,6.51,2.84,20.85
Maize,Punjab,1092.3,21.8,176.2,44.3,19.4,5.15,7.85,12.41
Maize,Maharashtra,1091.7,26.4,165.9,89.2,62.5,7.32,9.05,13.41
Wheat,Punjab,649.6,16.5,164.1,72.1,36.0,6.23,8.25,17.81
Rice,Madhya Pradesh,1718.2,22.8,143.9,77.2,20.4,4.89,9.52,16.5
Maize,Maharashtra,209.6,14.9,180.4,66.2,17.2,4.76,8.2,11.53
Wheat,Madhya Pradesh,779.0,28.4,88.9,53.7,57.2,7.97,1.89,13.15
Wheat,Bihar,232.7,14.9,123.3,28.9,19.1,7.7,1.62,15.4
Wheat,West Bengal,685.5,19.1,45.0,58.1,26.9,7.01,3.82,15.38
Rice,Madhya Pradesh,815.1,41.5,171.2,79.9,63.9,6.52,7.76,14.07
Maize,Maharashtra,747.2,26.6,106.8,43.1,35.9,7.62,3.09,20.98
Wheat,Punjab,213.0,21.0,164.1,20.2,36.3,6.94,5.5,12.76
Maize,Bihar,615.6,18.0,101.1,60.9,46.7,7.51,7.77,18.84
Rice,Maharashtra,1465.9,21.2,43.3,23.6,60.1,6.86,8.17,16.69
Maize,Maharashtra,245.0,17.9,123.5,47.1,54.9,5.9,7.28,14.06
Rice,Maharashtra,407.3,32.5,181.2,22.7,24.6,5.96,8.19,14.81
Rice,Uttar Pradesh,774.5,19.2,56.4,89.4,28.3,5.43,1.71,13.38
Rice,Madhya Pradesh,587.7,38.3,173.8,26.5,21.8,7.09,2.38,12.86
Rice,Bihar,1489.8,31.8,50.7,67.4,29.8,4.71,1.98,17.41
Maize,Maharashtra,253.5,26.0,46.1,48.6,52.9,7.07,8.9,15.25
Rice,West Bengal,1503.0,36.8,92.0,73.0,20.3,5.5,7.31,22.54
Rice,Bihar,616.4,31.9,140.1,25.0,38.5,6.61,7.61,17.36
Rice,Maharashtra,1278.2,33.4,96.2,22.9,19.1,6.3,9.96,21.47
Maize,Punjab,632.7,17.5,110.6,89.2,57.8,6.15,7.46,18.35
Maize,Maharashtra,312.8,32.3,133.7,61.8,48.5,5.46,7.81,16.04
Rice,Punjab,1805.9,18.1,51.2,43.9,60.8,5.66,8.93,12.64
Maize,Bihar,396.4,33.5,159.6,28.5,19.7,7.34,3.36,13.63
Maize,Bihar,789.1,15.1,152.8,76.6,22.7,6.6,6.19,17.98
Maize,Maharashtra,658.8,29.9,172.8,52.2,54.3,5.26,9.08,15.78
Rice,Uttar Pradesh,1641.5,36.6,68.6,51.9,55.4,5.62,9.85,20.62
Maize,West Bengal,1015.0,31.7,174.7,60.6,64.4,7.05,6.71,13.34
Wheat,Uttar Pradesh,437.9,14.9,48.4,30.6,32.1,6.43,5.65,16.24
Wheat,Maharashtra,889.0,13.4,121.4,24.5,55.2,7.04,4.57,13.67
Rice,Bihar,2029.6,30.2,151.1,25.9,38.8,5.89,9.41,15.31
Maize,Uttar Pradesh,818.8,21.1,182.0,86.8,46.7,6.75,9.96,18.79
Maize,Punjab,623.6,17.3,74.0,84.5,56.2,4.79,4.4,12.71
Rice,Bihar,1835.5,38.6,57.9,28.8,35.3,6.83,8.88,14.6
Rice,West Bengal,497.8,33.2,100.9,70.3,16.4,6.43,3.23,19.43
Maize,Bihar,400.8,17.2,62.3,90.1,18.8,6.87,1.01,12.91
Maize,Bihar,302.3,16.8,141.2,104.0,23.9,5.37,3.32,13.09
Maize,Maharashtra,408.1,31.9,86.5,52.4,19.1,4.87,2.58,14.01
Wheat,Maharashtra,697.7,24.3,45.1,38.9,24.5,6.27,9.55,14.89
Rice,Maharashtra,744.1,27.8,177.0,69.0,44.2,6.01,1.22,18.33
Maize,Maharashtra,438.7,14.8,90.9,30.6,17.2,6.09,9.46,15.06
Wheat,Maharashtra,236.4,25.7,175.3,65.2,21.3,7.13,1.61,13.36
Rice,Uttar Pradesh,1689.0,39.7,93.2,43.2,50.4,6.11,6.5,18.37
Rice,West Bengal,655.1,22.8,133.7,71.5,44.6,7.03,5.19,18.85
Wheat,Uttar Pradesh,613.7,19.8,77.2,37.4,54.9,5.98,0.55,16.72
Wheat,Punjab,624.5,14.8,167.7,60.7,24.7,8.18,5.69,15.02
Maize,Punjab,985.0,23.5,147.6,97.3,49.1,5.65,4.9,14.45
Maize,Maharashtra,304.8,30.9,82.3,66.8,25.9,6.25,5.84,14.29
Wheat,Bihar,548.7,15.8,136.5,53.8,29.2,6.16,8.64,17.36
Wheat,Madhya Pradesh,210.6,17.1,70.1,83.4,27.6,8.17,5.18,12.33
Wheat,Uttar Pradesh,763.9,28.7,46.4,74.9,21.5,7.3,4.03,12.95
Maize,West Bengal,751.5,20.1,45.2,59.0,28.5,4.68,5.18,16.77
Rice,Punjab,697.6,22.5,168.0,75.7,31.6,7.02,2.77,13.51
Rice,Bihar,804.1,17.9,53.5,52.2,31.3,5.12,7.3,13.73
Rice,Bihar,1005.5,28.5,139.2,63.2,36.4,6.28,9.08,26.15
Maize,West Bengal,347.3,16.1,72.0,92.2,40.3,7.12,4.01,12.54
Maize,West Bengal,489.1,25.7,58.0,48.6,39.7,5.44,0.87,16.04
Maize,Bihar,959.8,33.6,150.8,35.1,42.1,5.9,6.52,14.06
Rice,Maharashtra,859.9,39.2,90.0,58.2,36.7,4.69,5.96,20.19
Maize,West Bengal,413.7,18.0,118.3,60.8,22.2,6.53,9.11,17.98
Wheat,Uttar Pradesh,704.4,26.6,120.3,38.1,40.6,5.15,6.98,15.55
Rice,Punjab,660.3,30.6,48.5,85.7,17.0,5.72,0.51,14.41
Wheat,Maharashtra,265.1,12.4,102.3,85.5,42.4,6.23,9.13,14.54
Maize,Uttar Pradesh,994.8,19.7,140.2,99.1,51.7,4.77,6.24,14.2
Wheat,Maharashtra,499.7,23.1,180.1,38.5,25.8,5.66,7.05,14.03
Maize,Madhya Pradesh,1049.3,22.3,144.3,55.3,30.3,4.75,2.88,15.67
Wheat,Bihar,248.0,28.6,86.5,87.9,30.1,5.36,5.44,10.95
Maize,Punjab,958.1,15.2,43.1,72.3,21.6,4.72,9.69,11.21
Maize,Uttar Pradesh,1108.2,19.4,69.7,48.5,54.1,5.24,2.36,13.11
Wheat,Madhya Pradesh,617.5,22.0,172.3,49.3,53.9,6.06,6.0,15.83
Rice,Madhya Pradesh,1040.4,33.7,45.7,52.8,40.6,5.21,1.83,18.88
Wheat,Punjab,869.1,28.8,70.9,30.9,24.8,5.4,6.04,9.39
Rice,West Bengal,881.7,26.4,125.9,61.4,27.0,5.19,8.35,20.5
Maize,Bihar,511.9,19.4,157.7,46.0,30.2,6.3,5.7,16.31
Maize,Maharashtra,963.5,28.2,134.5,27.7,37.5,4.78,1.38,15.37
Maize,Bihar,281.5,29.6,155.6,86.1,51.5,5.39,4.46,14.24
Rice,Maharashtra,701.5,38.9,90.2,52.7,33.8,5.97,5.06,18.02
Wheat,West Bengal,394.8,28.9,105.6,42.6,15.9,6.42,5.26,16.38
Maize,West Bengal,382.8,21.3,61.4,89.8,53.7,7.43,1.1,14.6
Wheat,Punjab,303.7,22.9,92.5,44.7,62.4,5.62,8.38,13.89
Wheat,Bihar,523.6,16.7,76.9,36.0,40.8,5.16,7.52,15.83
Rice,West Bengal,1552.0,36.6,120.5,73.8,64.2,5.71,5.39,20.72
Maize,West Bengal,278.4,17.5,45.4,51.5,56.0,6.35,1.12,12.46
Maize,Bihar,709.0,28.6,150.9,36.5,25.1,6.93,1.6,18.68
Maize,Maharashtra,808.5,33.3,47.5,35.9,18.0,6.25,8.13,14.94
Rice,Bihar,1758.7,33.3,161.7,26.9,28.1,5.7,0.9,15.87
Rice,Maharashtra,1070.9,25.9,126.4,61.3,34.9,6.16,9.39,24.24
Wheat,Uttar Pradesh,785.7,24.1,89.8,84.9,39.4,5.69,5.09,13.72
Wheat,Maharashtra,414.4,24.9,141.7,35.7,46.1,7.16,7.76,15.45
Wheat,Maharashtra,807.2,27.4,79.2,90.5,61.8,6.46,0.95,11.91
Rice,Madhya Pradesh,1412.3,23.4,63.9,53.5,32.0,6.2,2.57,21.38
Rice,Bihar,1390.1,25.3,49.9,71.4,52.2,6.32,2.44,22.1
Wheat,Bihar,360.2,22.4,92.0,67.3,45.1,7.17,2.9,17.67
Maize,Madhya Pradesh,493.9,20.6,167.3,32.0,22.0,5.92,8.08,15.64
Wheat,Punjab,511.3,19.2,111.3,48.0,44.3,6.2,2.78,19.02
Wheat,Uttar Pradesh,240.5,17.9,87.9,80.1,60.9,5.17,1.43,11.88
Rice,Madhya Pradesh,821.4,19.5,119.8,43.3,30.4,4.69,6.16,16.59
Rice,West Bengal,1946.2,30.5,104.6,56.6,54.5,5.23,7.24,20.97
Wheat,Punjab,196.3,17.8,146.2,27.4,50.5,7.5,5.9,15.19
Maize,Bihar,280.7,30.7,164.5,75.0,33.7,7.0,6.5,13.44
Wheat,West Bengal,416.5,19.4,125.2,41.5,36.1,6.32,3.75,18.91
Maize,Maharashtra,962.2,31.7,170.2,83.7,24.2,6.3,6.35,11.01
Wheat,Madhya Pradesh,726.5,14.4,74.2,30.4,52.8,7.35,2.3,13.82
Maize,Maharashtra,609.8,19.1,164.5,54.8,23.1,6.51,2.45,17.35
Maize,Punjab,335.8,30.5,137.7,29.6,41.7,7.58,9.27,14.18
Maize,Uttar Pradesh,1074.0,29.5,160.9,103.3,51.8,6.39,8.2,13.17
Rice,Uttar Pradesh,881.6,28.6,79.4,46.0,33.9,6.17,2.59,20.51
Wheat,Punjab,467.3,15.6,140.9,65.1,50.5,7.69,1.46,19.55
Wheat,Madhya Pradesh,900.7,30.4,160.5,75.0,43.5,5.92,8.82,12.12
Maize,Uttar Pradesh,588.0,20.6,157.5,64.6,39.3,5.02,2.57,19.66
Wheat,Punjab,381.6,23.5,127.9,53.4,47.4,7.44,6.38,18.67
Rice,Madhya Pradesh,1664.4,26.2,111.3,67.0,15.2,5.92,7.46,19.77
Maize,Uttar Pradesh,902.1,26.9,80.7,103.3,46.9,5.11,8.38,15.22
Rice,Punjab,879.0,28.7,75.6,44.6,46.5,5.53,4.26,19.92
Wheat,Madhya Pradesh,338.7,16.7,170.0,61.4,50.1,7.23,4.23,16.56
Maize,Maharashtra,414.6,17.5,88.3,51.5,33.1,6.08,4.65,15.47
Wheat,Punjab,189.2,29.4,135.9,64.2,51.4,6.0,6.24,15.86
Rice,Uttar Pradesh,1511.3,26.4,133.1,26.7,62.4,6.53,8.82,20.94
Wheat,West Bengal,660.5,21.2,96.5,43.0,50.0,6.95,8.56,19.02
Wheat,West Bengal,552.1,25.0,115.0,49.7,18.4,5.5,7.72,18.34
Wheat,Punjab,205.8,26.3,44.1,51.7,62.3,6.49,9.16,14.42
Wheat,Uttar Pradesh,717.7,15.5,131.5,59.7,36.0,6.96,7.1,17.38
Maize,Bihar,780.0,28.4,122.4,38.0,61.1,5.18,5.87,17.2
Wheat,West Bengal,518.0,24.4,165.5,68.5,59.8,7.65,5.89,16.85
Rice,Madhya Pradesh,696.7,42.0,115.3,32.7,46.9,5.15,1.1,14.84
Maize,Madhya Pradesh,929.4,25.2,105.0,74.3,40.1,6.62,8.13,16.69
Wheat,Punjab,631.6,21.0,62.0,61.6,17.2,6.31,8.03,16.46
Maize,Punjab,867.7,30.7,159.4,47.9,57.5,5.65,2.72,12.11
Maize,Bihar,568.7,15.2,47.9,55.4,44.3,5.19,1.51,16.15
Wheat,Bihar,650.9,18.2,100.5,43.9,37.7,7.13,5.64,18.63
Maize,Uttar Pradesh,1092.1,29.8,44.0,33.3,25.1,4.93,5.11,10.74
Rice,Madhya Pradesh,410.8,41.3,50.1,52.0,24.6,5.97,3.16,14.57
Wheat,Bihar,470.5,19.4,141.2,62.9,29.4,5.41,8.36,15.4
Wheat,Bihar,626.7,22.5,155.7,28.0,35.2,7.82,8.94,15.54
Maize,Punjab,209.6,23.9,92.4,50.8,64.6,6.86,2.93,15.2
Maize,Bihar,728.7,17.7,181.8,31.4,59.7,6.16,2.62,15.41
Rice,Bihar,1013.3,19.0,90.7,38.8,45.1,5.18,8.94,15.85
Wheat,Bihar,629.0,24.2,60.7,59.2,26.4,5.15,8.74,15.17
Wheat,Bihar,620.1,22.9,151.7,60.6,57.4,5.37,8.66,15.04
Wheat,Uttar Pradesh,269.3,31.1,149.6,49.6,29.4,6.32,7.35,12.73
Maize,Uttar Pradesh,820.4,26.0,74.7,27.5,57.7,6.16,6.38,15.18
Maize,Madhya Pradesh,1095.0,17.6,89.3,57.7,64.2,4.93,1.56,12.09
Maize,Madhya Pradesh,987.4,24.9,103.6,64.0,21.5,5.02,6.78,17.33
Maize,Madhya Pradesh,745.4,27.9,108.7,69.3,46.4,5.39,9.37,18.95
Rice,Madhya Pradesh,785.6,29.1,158.7,63.0,17.5,5.77,3.46,17.34
Wheat,Uttar Pradesh,543.9,29.2,66.8,27.8,24.0,5.35,9.81,12.79
Maize,West Bengal,634.5,33.4,150.6,85.6,39.7,7.39,6.02,16.55
Rice,Punjab,1082.8,24.5,126.1,86.7,31.6,6.05,3.31,20.29
Rice,Madhya Pradesh,1508.3,35.7,52.1,46.5,52.0,6.46,5.67,21.6
Maize,Uttar Pradesh,546.5,24.3,144.2,74.9,45.2,6.36,2.41,22.19
Rice,Uttar Pradesh,1054.4,17.6,135.7,23.9,58.2,4.73,5.54,15.79
Wheat,Maharashtra,862.7,24.4,42.4,56.2,60.1,5.83,1.29,12.51
Maize,Bihar,988.2,26.6,179.7,81.1,50.9,4.91,3.11,15.34
Wheat,Uttar Pradesh,232.7,25.4,152.6,83.4,59.2,6.16,2.92,12.96
Maize,Maharashtra,753.2,31.5,70.2,34.8,17.1,6.87,9.06,13.46
Rice,Maharashtra,1638.2,29.1,164.5,57.4,52.0,6.71,7.62,18.44
Maize,Madhya Pradesh,666.2,27.0,152.7,34.9,16.2,7.62,7.46,16.76
Wheat,Madhya Pradesh,361.6,31.2,178.8,57.6,62.7,6.22,8.57,13.56
Rice,Uttar Pradesh,1969.6,40.7,114.1,59.2,24.8,6.7,5.24,16.37
Rice,Uttar Pradesh,982.1,43.7,83.0,21.9,40.2,4.88,3.1,15.86
Rice,Uttar Pradesh,827.9,30.8,54.3,66.8,20.8,5.94,1.02,16.89
Rice,Punjab,1093.9,29.1,57.9,26.5,48.0,6.3,6.8,18.93
Maize,Uttar Pradesh,432.1,18.0,174.6,84.7,36.1,5.01,1.82,13.13
Rice,Uttar Pradesh,1519.4,39.3,43.5,35.6,50.3,6.07,5.21,19.04
Rice,Madhya Pradesh,1303.3,38.7,167.3,47.2,49.2,5.24,6.69,19.84
Wheat,Bihar,828.9,27.2,44.4,24.0,53.9,5.12,4.96,11.34
Wheat,Bihar,838.5,25.1,40.6,42.2,52.9,6.42,4.95,12.02
Wheat,Maharashtra,384.6,27.8,52.2,74.4,26.7,7.99,0.55,13.13
Wheat,Maharashtra,707.9,27.0,169.4,25.7,43.1,7.46,2.56,14.58
Maize,Maharashtra,716.3,15.0,169.5,43.2,18.5,6.68,2.34,16.96
Wheat,Punjab,477.4,27.4,127.2,67.8,15.6,7.74,1.89,17.25
Maize,West Bengal,581.5,29.1,56.1,48.1,55.2,4.94,3.21,15.86
Rice,Bihar,1079.2,40.7,156.4,84.8,41.2,5.79,4.17,19.66
Wheat,West Bengal,463.0,26.7,145.6,80.5,51.7,8.08,5.23,13.68
Maize,West Bengal,827.5,23.1,149.9,48.6,38.7,7.67,2.2,16.98
Maize,Madhya Pradesh,521.5,32.0,167.8,67.1,37.4,5.49,4.87,17.65
Wheat,Punjab,737.7,28.7,122.4,28.0,29.5,7.8,3.8,15.22
Rice,Bihar,1606.8,37.4,95.7,66.6,45.2,6.51,7.33,21.46
Wheat,West Bengal,893.3,13.9,77.8,26.9,55.0,8.2,3.32,10.33
Wheat,West Bengal,322.5,31.2,143.4,65.8,51.0,6.39,7.95,15.69
Rice,Maharashtra,580.6,36.9,47.8,77.5,54.6,5.02,5.42,11.97
Rice,Maharashtra,1165.7,27.2,171.6,65.7,56.0,5.77,2.66,21.63
Wheat,Uttar Pradesh,359.8,24.7,152.6,27.3,60.8,5.19,7.04,13.58
Rice,Maharashtra,497.0,35.0,92.3,66.3,31.7,5.8,4.85,19.52
Maize,Bihar,355.7,27.7,91.2,91.7,52.2,6.1,8.53,17.12
Maize,Uttar Pradesh,677.1,14.9,82.3,45.1,26.0,7.06,2.89,14.42
Wheat,West Bengal,417.0,25.2,69.4,24.1,54.4,7.65,0.72,16.52
Maize,West Bengal,917.1,22.9,173.7,54.6,64.2,6.36,9.9,13.49
Wheat,Punjab,781.0,17.8,148.5,58.6,60.4,7.63,0.89,15.02
Maize,West Bengal,574.8,25.9,152.6,62.0,64.8,6.6,3.43,20.15
Maize,Uttar Pradesh,457.8,17.9,176.2,89.4,18.0,6.23,3.04,14.23
Wheat,Bihar,792.7,18.6,58.3,37.0,41.3,7.99,3.36,13.27
Wheat,Bihar,163.7,29.5,142.0,60.2,35.9,8.21,7.5,13.03
Rice,Madhya Pradesh,1308.4,28.1,55.5,61.9,49.7,5.67,4.36,21.77
Maize,West Bengal,620.1,22.7,72.8,30.1,33.5,5.8,7.19,18.03
Maize,Madhya Pradesh,424.7,21.9,133.8,77.9,37.6,5.99,4.49,19.11
Wheat,Uttar Pradesh,579.3,17.4,138.0,66.0,40.0,5.27,9.4,18.1
Wheat,Madhya Pradesh,883.0,13.6,60.6,72.2,37.2,7.6,1.84,13.69
Rice,Bihar,710.6,40.7,103.2,61.9,32.4,5.39,2.43,17.08
Rice,Punjab,1097.1,35.8,160.1,71.2,22.9,5.58,2.0,19.29
Wheat,Punjab,895.5,21.9,131.7,68.1,56.3,6.47,5.23,16.62
Maize,Bihar,552.4,26.8,116.7,27.3,24.5,6.79,4.94,21.08
Rice,Bihar,1880.2,35.6,115.6,47.5,55.4,6.43,4.95,19.03
Rice,Bihar,824.2,28.8,135.6,40.0,60.7,5.43,2.38,20.11
Wheat,Maharashtra,666.0,28.4,110.6,25.0,35.8,6.18,9.86,17.6
Wheat,West Bengal,646.2,18.6,144.8,84.8,60.9,5.59,2.44,16.25
Rice,Punjab,1170.6,17.6,150.7,90.8,41.0,5.64,4.23,21.72
Wheat,Madhya Pradesh,762.1,10.5,114.8,66.4,50.6,6.26,3.31,14.36
Wheat,Maharashtra,175.4,28.9,64.7,64.4,43.1,7.07,5.85,13.34
Rice,Madhya Pradesh,1973.7,25.9,107.1,62.1,34.1,5.92,1.5,21.25
Maize,Punjab,1057.3,31.6,81.6,62.6,59.1,6.7,6.55,13.22
Maize,Punjab,967.5,25.3,89.8,61.3,36.5,5.68,4.45,16.95
Wheat,West Bengal,667.3,12.1,175.5,42.4,32.1,5.8,1.3,13.19
Wheat,Uttar Pradesh,723.6,14.5,89.6,47.9,52.1,7.36,8.42,15.68
Wheat,Uttar Pradesh,352.6,28.3,91.4,30.2,55.0,5.29,4.35,11.7
Maize,Bihar,685.8,21.0,156.2,98.3,40.7,6.83,9.34,18.4
Wheat,Madhya Pradesh,867.0,29.9,181.6,31.1,14.2,6.48,7.47,11.2
Maize,Punjab,689.2,25.1,98.8,101.2,16.5,5.93,8.65,20.49
Wheat,Bihar,314.2,22.6,159.8,25.6,57.4,6.18,4.36,14.0
Wheat,Punjab,854.4,27.0,144.6,54.6,59.9,6.63,9.34,14.52
Wheat,Bihar,514.7,15.6,89.7,20.4,31.9,5.48,1.72,16.07
Wheat,West Bengal,622.1,22.1,72.3,54.8,42.0,7.67,4.88,17.68
Wheat,Uttar Pradesh,593.3,11.5,48.4,71.6,19.4,5.86,5.24,15.31
Maize,Madhya Pradesh,1006.0,33.5,130.1,85.5,39.8,5.39,9.16,15.04
Maize,Bihar,832.7,17.1,105.3,61.1,56.6,6.09,4.36,16.97
Wheat,Uttar Pradesh,693.3,24.6,74.4,22.8,56.5,7.85,9.8,13.28
Rice,Bihar,1251.9,26.2,177.7,53.7,33.0,6.34,6.68,21.83
Rice,Uttar Pradesh,1391.1,29.7,178.7,56.7,33.6,5.65,5.71,18.69
Maize,Punjab,1039.6,24.7,47.4,56.4,22.2,5.75,5.68,14.42
Maize,Madhya Pradesh,471.9,17.2,68.3,47.7,40.7,4.88,8.62,14.64
Wheat,West Bengal,384.1,29.6,109.1,63.6,49.5,7.84,1.73,18.17
Maize,Punjab,946.2,32.4,62.6,65.8,20.2,7.08,4.42,12.34
Maize,Uttar Pradesh,258.2,24.6,116.7,59.5,62.5,4.72,8.58,17.07
Maize,Uttar Pradesh,566.1,19.6,106.9,81.6,62.6,4.8,5.55,18.1
Wheat,Punjab,856.1,24.8,55.5,43.2,18.4,7.0,9.98,14.17
Maize,West Bengal,404.8,32.9,102.9,36.4,24.2,6.74,9.88,16.22
Maize,Madhya Pradesh,949.6,18.2,71.3,102.1,60.5,7.13,2.15,11.95
Wheat,West Bengal,637.3,28.4,151.8,86.4,50.7,6.34,9.24,15.11
Rice,Maharashtra,1667.5,32.1,64.9,71.0,50.4,5.95,2.64,19.25
Maize,Bihar,670.1,27.7,95.7,67.0,52.8,5.42,2.36,21.18
Rice,Uttar Pradesh,1787.5,25.5,181.0,84.5,38.8,6.46,5.48,16.21
Rice,West Bengal,1075.5,33.9,171.1,90.0,47.2,6.41,3.56,18.84
Maize,Madhya Pradesh,388.7,16.9,115.6,102.1,38.7,7.09,4.99,14.61
Wheat,Maharashtra,858.3,20.3,77.9,90.1,35.6,6.27,0.83,13.34
Maize,Maharashtra,587.7,29.6,125.1,24.1,52.9,6.13,5.41,18.97
Maize,Punjab,257.8,18.5,85.4,86.5,26.8,7.15,7.99,11.04
Maize,Uttar Pradesh,267.6,31.2,116.5,57.3,34.3,4.76,5.43,15.26
Wheat,Maharashtra,584.5,29.0,125.9,21.8,50.9,8.03,6.6,16.71
Wheat,West Bengal,367.3,19.1,122.7,58.8,43.0,7.92,3.14,18.88
Rice,Maharashtra,1262.4,43.5,40.6,21.2,64.6,6.12,1.71,17.24
Rice,Maharashtra,1727.9,24.2,44.5,78.6,39.8,5.48,0.61,15.99
Rice,Punjab,1832.5,37.4,102.0,34.8,16.3,5.82,8.24,15.2
Maize,West Bengal,971.2,19.6,149.7,103.0,62.7,6.51,1.94,13.64
Maize,Madhya Pradesh,807.2,24.5,177.2,35.5,17.4,7.14,0.54,16.48
Rice,Bihar,668.0,42.5,121.7,54.7,33.6,6.43,1.84,18.32
Wheat,Maharashtra,587.1,21.2,86.0,40.0,35.2,7.92,1.79,16.83
Maize,Bihar,1065.7,20.1,155.3,27.5,21.5,7.27,9.94,13.51
Wheat,Punjab,334.9,16.8,113.7,25.4,63.0,6.65,2.31,15.68
Rice,Maharashtra,1580.5,22.2,59.5,30.5,44.6,6.6,6.17,19.5
Rice,Maharashtra,1909.7,38.8,89.6,61.1,21.2,7.08,9.08,14.4
Rice,Maharashtra,1285.3,26.4,156.7,31.2,19.3,5.92,6.88,20.83
Maize,Madhya Pradesh,590.6,16.4,140.4,26.0,35.1,6.21,6.68,17.51
Rice,Bihar,1700.5,36.9,53.5,62.2,47.6,6.74,2.46,19.36
Rice,Punjab,1968.1,32.1,68.8,68.7,42.0,7.01,4.67,16.26
Maize,Madhya Pradesh,891.5,28.1,133.2,90.4,42.4,7.48,1.88,17.14
Maize,Punjab,349.7,17.8,76.9,67.3,57.1,6.28,7.94,11.13
Maize,Bihar,512.8,31.8,141.2,35.8,58.4,6.62,5.19,16.92
Rice,Bihar,633.4,23.7,78.3,31.8,34.0,5.15,6.16,14.18
Maize,West Bengal,687.0,24.2,87.9,51.4,17.5,6.75,0.93,17.64
Wheat,Punjab,480.4,13.3,148.0,27.3,47.9,5.94,4.99,15.54
Maize,Madhya Pradesh,730.1,27.7,135.9,57.9,38.6,5.1,5.45,19.04
Rice,Punjab,1463.4,32.5,116.6,47.8,27.0,6.54,5.34,23.29
Wheat,Punjab,717.0,27.0,162.7,38.4,37.0,5.8,0.73,13.21
Maize,Madhya Pradesh,230.7,33.4,176.9,25.8,39.5,5.89,2.91,13.69
Wheat,Uttar Pradesh,781.9,15.8,166.0,84.5,62.9,5.67,2.83,10.11
Maize,Madhya Pradesh,788.5,29.0,64.7,37.9,16.2,5.15,2.78,13.85
Wheat,Madhya Pradesh,360.9,17.6,155.3,33.9,51.3,5.51,2.45,16.25
Rice,Punjab,1109.8,22.8,175.4,90.7,32.9,6.43,4.37,17.19
Wheat,Bihar,512.5,27.3,105.0,49.5,29.2,5.73,8.39,19.51
Maize,Uttar Pradesh,548.2,26.7,168.8,59.3,42.3,6.07,1.63,19.56
Rice,West Bengal,759.7,18.6,97.5,80.8,28.7,6.41,0.57,17.98
Maize,Madhya Pradesh,322.0,31.7,113.8,37.8,59.7,6.86,5.04,14.45
Maize,Uttar Pradesh,684.7,24.3,65.7,103.6,47.6,7.26,7.72,17.52
Maize,Uttar Pradesh,634.9,18.7,177.8,65.1,17.7,4.92,6.92,13.51
Rice,Madhya Pradesh,847.0,20.7,139.7,76.4,33.7,4.73,8.27,15.9
Wheat,Uttar Pradesh,778.1,24.6,127.2,86.1,18.5,8.1,1.46,14.65
Rice,Madhya Pradesh,2073.1,26.7,130.6,53.6,64.3,4.91,4.42,18.12
Wheat,West Bengal,658.6,20.7,46.7,75.9,50.5,8.18,9.41,16.23
Maize,Uttar Pradesh,874.3,15.6,56.2,99.3,40.4,5.48,5.06,13.29
Wheat,Maharashtra,713.6,14.0,181.9,32.3,56.3,5.77,7.93,13.26
Maize,Punjab,602.3,18.0,176.1,88.7,51.7,6.05,2.96,16.79
Wheat,Madhya Pradesh,769.3,29.5,175.2,54.9,18.9,7.62,6.52,12.9
Wheat,Punjab,608.4,28.5,91.8,72.3,35.2,6.81,7.47,16.16
Rice,Uttar Pradesh,866.2,38.8,147.9,69.4,21.1,6.67,6.93,18.11
Wheat,Uttar Pradesh,187.1,29.8,46.0,86.6,17.8,7.85,8.4,9.66
Rice,Bihar,1608.8,30.7,168.4,33.1,63.6,6.69,8.68,17.42
Wheat,Maharashtra,462.1,27.0,104.0,79.6,16.4,6.58,7.98,18.19
Rice,Punjab,867.5,18.2,74.5,46.0,31.9,5.97,8.89,15.66
Maize,Maharashtra,945.0,28.8,148.5,58.3,63.0,5.9,8.03,16.22
Wheat,Maharashtra,311.1,11.7,92.5,24.4,34.1,7.71,8.52,14.27
Rice,West Bengal,1514.4,38.4,138.4,85.4,25.5,5.18,7.27,22.48
Maize,Uttar Pradesh,409.1,30.2,40.3,95.0,55.7,7.61,0.84,11.52
Wheat,Punjab,745.5,31.1,84.6,87.1,31.5,7.35,8.89,12.28
Maize,West Bengal,400.2,22.2,53.8,25.8,60.7,6.72,7.91,16.08
Wheat,West Bengal,164.2,29.2,64.7,59.9,48.6,6.23,5.53,13.25
Rice,Punjab,1705.2,25.7,94.2,64.7,16.8,7.07,2.16,17.81
Wheat,West Bengal,217.4,18.9,126.4,61.9,23.3,6.94,3.82,15.3
Maize,Maharashtra,1094.8,29.5,70.5,97.9,61.7,7.1,1.71,11.51
Rice,West Bengal,640.7,29.3,95.7,25.7,52.5,5.75,4.96,17.01
Wheat,Bihar,462.9,17.5,64.0,90.8,57.7,5.32,5.87,15.08
Rice,Madhya Pradesh,1599.3,17.5,43.3,69.0,35.0,6.75,2.14,17.61
Maize,Punjab,828.7,20.4,152.7,48.9,31.5,5.88,7.57,17.11
Rice,West Bengal,1238.5,19.6,142.8,59.2,56.6,5.37,5.43,21.14
Rice,Punjab,1222.0,29.0,55.9,56.8,19.1,5.08,1.76,20.14
Wheat,Madhya Pradesh,160.1,21.6,122.0,43.6,31.3,6.1,4.73,16.52
Rice,Uttar Pradesh,1396.9,41.5,86.4,61.1,58.8,6.59,0.89,20.15
Wheat,Punjab,807.1,29.6,179.2,42.1,24.7,5.62,6.47,11.11
Rice,West Bengal,1414.6,38.3,87.1,62.5,32.5,4.83,0.58,20.5
Rice,Punjab,1383.1,30.4,96.4,63.5,20.4,5.08,3.38,20.08
Rice,Bihar,1121.7,41.3,111.4,85.1,42.1,6.58,3.29,20.73
Rice,Madhya Pradesh,461.6,33.8,105.0,21.4,26.7,4.97,2.56,15.67
Maize,Punjab,420.0,22.4,128.6,76.5,15.6,6.29,8.26,20.25
Wheat,Bihar,691.7,17.2,140.8,43.9,23.1,6.73,7.02,16.84
Rice,West Bengal,2065.4,20.6,88.8,34.8,23.5,5.89,5.86,14.15
Wheat,Maharashtra,529.8,18.6,148.3,41.3,24.6,6.82,3.04,17.28
Rice,Bihar,1100.9,17.6,175.3,21.4,35.3,6.45,9.19,19.17
Maize,Punjab,954.3,24.4,89.8,29.4,54.5,4.9,3.36,13.99
Rice,Uttar Pradesh,1414.2,27.5,149.9,71.4,50.4,6.45,8.96,21.61
Wheat,Maharashtra,837.1,19.1,131.2,28.6,26.9,7.31,5.73,14.96
Rice,Uttar Pradesh,881.1,23.6,152.7,51.9,28.3,6.68,0.68,19.78
Wheat,Bihar,428.0,14.8,50.7,74.6,54.5,8.24,9.38,16.08
Rice,West Bengal,1739.2,27.5,179.2,82.7,29.4,6.58,3.7,16.18
Rice,Punjab,564.6,42.4,97.5,77.4,63.7,4.87,6.69,16.39
Wheat,Uttar Pradesh,313.0,22.3,59.1,76.5,43.8,6.62,1.02,14.73
Maize,Maharashtra,683.0,27.5,138.3,36.9,23.8,5.3,9.36,18.61
Maize,Punjab,481.0,29.9,44.1,77.0,30.5,6.13,3.57,14.36
Rice,Uttar Pradesh,1251.5,31.7,157.5,43.9,48.0,5.58,0.91,22.86
Wheat,Madhya Pradesh,407.9,10.8,106.6,74.5,19.1,7.42,6.05,18.56
Rice,Madhya Pradesh,488.0,29.0,41.4,25.0,44.4,6.47,2.1,16.94
Maize,West Bengal,961.3,15.9,179.4,85.2,60.2,6.27,6.53,12.8
Maize,Madhya Pradesh,600.8,18.0,130.6,57.5,29.6,6.67,4.1,18.31
Rice,Bihar,1232.5,21.4,90.9,31.7,19.8,5.36,5.72,19.79
Maize,Uttar Pradesh,441.2,30.4,110.1,91.4,23.3,6.59,1.58,16.35
Maize,West Bengal,628.9,32.2,100.6,31.7,44.4,4.99,6.73,14.92
Wheat,Madhya Pradesh,746.5,16.1,156.2,46.2,32.8,7.46,5.35,14.66
Wheat,Bihar,646.2,20.7,115.0,87.8,60.5,5.45,4.0,16.68
Maize,Bihar,613.0,27.6,62.2,68.1,40.5,6.29,5.35,19.29
Wheat,Maharashtra,879.7,26.3,74.2,89.5,39.5,6.75,9.14,13.26
Rice,Punjab,572.8,39.4,47.4,85.7,19.1,6.76,9.08,11.94
Rice,Uttar Pradesh,594.5,24.6,62.7,72.0,19.4,6.82,2.6,15.73
Maize,Bihar,653.6,29.3,180.8,58.1,22.4,7.2,7.25,14.72
Maize,Madhya Pradesh,506.5,31.0,142.4,88.8,17.2,7.52,2.68,14.78
Wheat,Maharashtra,738.0,23.8,163.7,75.6,32.7,7.09,7.6,14.92
Maize,West Bengal,973.5,30.8,44.5,85.7,53.4,5.73,4.39,11.95
Wheat,Madhya Pradesh,553.9,29.7,130.2,21.1,60.6,7.8,6.54,14.04
Wheat,Maharashtra,641.0,17.8,44.0,51.4,16.3,6.58,4.91,16.02
Wheat,Bihar,454.8,12.4,40.5,25.6,40.7,5.83,7.89,14.12
Maize,Uttar Pradesh,977.6,33.6,100.7,60.3,53.1,5.65,5.63,14.67
Maize,West Bengal,659.5,22.4,63.5,41.8,28.5,5.2,2.56,17.85
Maize,Uttar Pradesh,1017.9,31.4,64.9,68.1,41.2,6.04,7.29,13.74
Maize,West Bengal,265.2,26.9,137.8,41.9,38.6,6.25,6.12,17.85
Wheat,West Bengal,528.3,15.6,80.9,63.5,26.6,6.12,9.34,16.19
Rice,Bihar,2079.0,17.9,104.3,79.8,30.5,5.86,9.79,16.89
Wheat,Madhya Pradesh,601.6,21.5,160.4,20.8,45.5,6.39,2.34,16.97
Wheat,Bihar,635.9,20.4,46.9,85.6,38.3,6.36,8.68,18.35
Rice,Maharashtra,1991.3,20.6,171.5,62.7,53.1,4.81,5.31,13.86
Maize,Bihar,430.3,32.0,57.1,102.7,56.5,5.03,1.32,12.9
Wheat,Madhya Pradesh,824.9,19.8,92.5,38.0,20.8,6.25,8.78,13.57
Wheat,Punjab,567.7,11.6,50.0,54.5,39.5,6.17,6.41,15.13
Maize,Madhya Pradesh,539.8,22.3,72.8,42.7,45.0,5.0,1.73,17.41
Wheat,Maharashtra,835.3,31.2,134.4,33.9,21.4,8.12,8.78,11.64
Rice,Madhya Pradesh,1887.3,27.0,63.9,48.4,54.1,6.14,1.46,17.46
Maize,Madhya Pradesh,738.2,27.5,50.9,60.8,52.6,6.05,6.74,20.03
Wheat,Maharashtra,451.5,14.7,166.5,51.5,45.0,5.45,1.53,14.85
Maize,Uttar Pradesh,629.5,25.5,137.0,35.4,28.7,7.01,9.12,19.87
Wheat,Punjab,772.2,21.4,177.6,30.4,42.5,5.68,3.41,12.32
Wheat,Maharashtra,291.5,16.2,47.7,90.2,53.8,6.61,5.97,14.27
Rice,West Bengal,1563.7,30.4,42.4,39.5,62.7,5.46,2.22,16.71
Maize,Maharashtra,383.5,24.5,76.0,88.5,23.6,7.58,7.31,13.63
Maize,Bihar,735.4,33.1,111.7,33.4,50.6,5.3,6.02,15.57
Maize,West Bengal,503.8,33.4,138.3,43.0,14.2,6.74,2.61,16.19
Rice,West Bengal,1130.9,28.9,75.9,75.1,53.4,5.61,8.43,19.16
Wheat,Bihar,854.8,27.6,77.7,88.2,27.7,6.02,4.17,10.67
Rice,Punjab,1679.0,20.6,138.2,67.4,32.9,7.08,9.0,19.09
Maize,Bihar,398.1,28.6,54.4,24.7,48.5,6.19,9.54,13.83
Maize,West Bengal,1093.5,33.5,119.6,50.6,14.4,4.72,4.19,12.74
Wheat,West Bengal,363.2,29.6,144.4,61.0,47.7,5.41,8.18,15.69
Maize,Madhya Pradesh,702.3,21.2,153.1,28.4,53.6,6.63,5.32,19.58
Rice,West Bengal,410.8,37.0,179.4,90.5,54.0,5.08,9.79,14.62
Rice,Maharashtra,932.7,39.7,93.8,78.3,36.6,6.54,1.79,22.34
Maize,West Bengal,300.5,31.5,68.5,48.3,48.9,4.86,9.5,9.78
Rice,Madhya Pradesh,619.4,40.3,91.0,50.7,24.5,6.04,7.17,16.06
Wheat,Uttar Pradesh,321.6,14.4,61.6,78.2,39.0,6.16,3.59,14.65
Rice,West Bengal,1672.6,40.9,166.9,56.8,30.1,6.59,6.79,17.27
Maize,West Bengal,477.2,22.5,90.7,79.1,43.2,5.45,5.51,20.72
Rice,West Bengal,1793.8,30.9,107.4,81.4,33.7,5.65,3.4,18.54
Rice,Madhya Pradesh,2027.3,34.7,154.9,69.5,56.3,5.08,5.22,15.57
Wheat,West Bengal,633.1,12.3,139.5,33.8,28.6,6.29,7.87,17.13
Rice,Maharashtra,839.3,28.5,118.6,23.1,53.3,5.48,3.18,19.98
Wheat,Madhya Pradesh,781.4,16.0,109.9,59.8,51.9,6.59,6.96,19.26
Maize,Bihar,1118.3,17.7,67.0,79.6,52.7,6.27,9.84,13.4
Maize,Punjab,840.6,17.7,84.7,81.3,21.8,7.25,4.83,16.99
Maize,Madhya Pradesh,525.7,22.5,162.0,75.0,63.3,7.07,5.37,18.13
Wheat,Bihar,733.8,25.1,84.5,21.6,39.9,6.0,3.25,14.95
Wheat,Uttar Pradesh,876.7,11.1,94.6,57.4,41.5,7.69,1.84,17.0
Rice,Maharashtra,1867.9,23.8,159.3,25.6,22.2,5.62,8.61,14.92
Maize,Punjab,260.9,17.7,123.6,69.6,28.3,6.73,7.81,14.45
Wheat,West Bengal,354.4,26.6,164.3,85.1,61.6,7.95,6.57,13.54
Rice,Uttar Pradesh,1716.4,20.5,95.4,90.9,23.8,5.06,4.52,13.92
Maize,West Bengal,965.7,31.5,64.3,79.9,54.9,5.36,0.91,13.97
Maize,Maharashtra,671.8,33.7,104.2,34.4,50.2,5.77,2.86,18.24
Maize,West Bengal,871.4,31.6,134.4,83.4,33.7,7.51,7.19,17.42
Wheat,Punjab,235.6,10.8,90.5,79.3,60.9,5.29,0.79,10.48
Wheat,Maharashtra,598.0,30.0,122.9,56.9,28.0,5.99,7.5,15.39
Rice,Madhya Pradesh,681.8,18.7,164.0,69.2,16.0,4.75,5.81,13.82
Wheat,Punjab,342.4,28.0,123.4,48.0,42.4,6.78,9.28,15.72
Rice,Madhya Pradesh,1134.6,21.3,175.4,30.3,40.6,5.16,1.23,17.02
Wheat,West Bengal,846.7,17.3,138.8,26.5,46.7,7.96,5.77,16.32
Wheat,Madhya Pradesh,723.9,13.8,172.0,34.6,58.7,6.62,8.49,13.63
Maize,West Bengal,858.0,30.4,91.1,62.2,30.4,5.96,6.02,18.04
Rice,Maharashtra,1301.2,31.2,48.4,23.6,44.7,6.22,0.95,20.36
Rice,Uttar Pradesh,2014.5,37.0,151.4,69.8,25.5,5.57,9.52,16.51
Wheat,West Bengal,483.1,29.9,177.0,74.5,26.4,7.36,0.69,14.51
Rice,Uttar Pradesh,993.8,42.9,100.9,39.7,35.7,5.2,8.91,21.07
Maize,Uttar Pradesh,624.9,29.3,132.3,85.8,46.0,6.89,1.98,17.39
Maize,Maharashtra,230.4,29.9,135.8,87.5,52.4,5.83,9.36,16.09
